<?xml version="1.0" encoding="UTF-8"?>
<gml:Dictionary xmlns:xsi="http://www.w3.org/2001/XMLSchema-instance" xmlns:gml="http://www.opengis.net/gml" xsi:schemaLocation="http://www.opengis.net/gml http://schemas.opengis.net/gml/3.1.1/profiles/SimpleDictionary/1.0.0/gmlSimpleDictionaryProfile.xsd" gml:id="cl_6293124c-801c-11ec-a8a3-0243ac120022">
	<gml:name>Appearance_mimeType</gml:name>
<gml:dictionaryEntry>
  <gml:Definition gml:id="id1">
   <gml:description>*.jpeg, *.jpg images</gml:description>
   <gml:name>image/jpeg</gml:name>
  </gml:Definition>
 </gml:dictionaryEntry>
<gml:dictionaryEntry>
  <gml:Definition gml:id="id2">
   <gml:description>*.png images</gml:description>
   <gml:name>image/png</gml:name>
  </gml:Definition>
 </gml:dictionaryEntry>
</gml:Dictionary>
