﻿<?xml version="1.0" encoding="UTF-8"?>
<gml:Dictionary xmlns:xsi="http://www.w3.org/2001/XMLSchema-instance" xmlns:gml="http://www.opengis.net/gml" xsi:schemaLocation="http://www.opengis.net/gml http://schemas.opengis.net/gml/3.1.1/profiles/SimpleDictionary/1.0.0/gmlSimpleDictionaryProfile.xsd" gml:id="cl_dc0e63e3-ba33-412f-b698-8548dcd090a5">
	<gml:name>Building_usage</gml:name>
	<gml:dictionaryEntry>
		<gml:Definition gml:id="id1">
			<gml:description>業務施設</gml:description>
			<gml:name>401</gml:name>
		</gml:Definition>
	</gml:dictionaryEntry>
	<gml:dictionaryEntry>
		<gml:Definition gml:id="id2">
			<gml:description>商業施設</gml:description>
			<gml:name>402</gml:name>
		</gml:Definition>
	</gml:dictionaryEntry>
	<gml:dictionaryEntry>
		<gml:Definition gml:id="id3">
			<gml:description>宿泊施設</gml:description>
			<gml:name>403</gml:name>
		</gml:Definition>
	</gml:dictionaryEntry>
	<gml:dictionaryEntry>
		<gml:Definition gml:id="id4">
			<gml:description>商業系複合施設</gml:description>
			<gml:name>404</gml:name>
		</gml:Definition>
	</gml:dictionaryEntry>
	<gml:dictionaryEntry>
		<gml:Definition gml:id="id5">
			<gml:description>住宅</gml:description>
			<gml:name>411</gml:name>
		</gml:Definition>
	</gml:dictionaryEntry>
	<gml:dictionaryEntry>
		<gml:Definition gml:id="id6">
			<gml:description>共同住宅</gml:description>
			<gml:name>412</gml:name>
		</gml:Definition>
	</gml:dictionaryEntry>
	<gml:dictionaryEntry>
		<gml:Definition gml:id="id7">
			<gml:description>店舗等併用住宅</gml:description>
			<gml:name>413</gml:name>
		</gml:Definition>
	</gml:dictionaryEntry>
	<gml:dictionaryEntry>
		<gml:Definition gml:id="id8">
			<gml:description>店舗等併用共同住宅</gml:description>
			<gml:name>414</gml:name>
		</gml:Definition>
	</gml:dictionaryEntry>
	<gml:dictionaryEntry>
		<gml:Definition gml:id="id9">
			<gml:description>作業所併用住宅</gml:description>
			<gml:name>415</gml:name>
		</gml:Definition>
	</gml:dictionaryEntry>
	<gml:dictionaryEntry>
		<gml:Definition gml:id="id10">
			<gml:description>官公庁施設</gml:description>
			<gml:name>421</gml:name>
		</gml:Definition>
	</gml:dictionaryEntry>
	<gml:dictionaryEntry>
		<gml:Definition gml:id="id11">
			<gml:description>文教厚生施設</gml:description>
			<gml:name>422</gml:name>
		</gml:Definition>
	</gml:dictionaryEntry>
	<gml:dictionaryEntry>
		<gml:Definition gml:id="id12">
			<gml:description>運輸倉庫施設</gml:description>
			<gml:name>431</gml:name>
		</gml:Definition>
	</gml:dictionaryEntry>
	<gml:dictionaryEntry>
		<gml:Definition gml:id="id13">
			<gml:description>工場</gml:description>
			<gml:name>441</gml:name>
		</gml:Definition>
	</gml:dictionaryEntry>
	<gml:dictionaryEntry>
		<gml:Definition gml:id="id14">
			<gml:description>農林漁業用施設</gml:description>
			<gml:name>451</gml:name>
		</gml:Definition>
	</gml:dictionaryEntry>
	<gml:dictionaryEntry>
		<gml:Definition gml:id="id15">
			<gml:description>供給処理施設</gml:description>
			<gml:name>452</gml:name>
		</gml:Definition>
	</gml:dictionaryEntry>
	<gml:dictionaryEntry>
		<gml:Definition gml:id="id16">
			<gml:description>防衛施設</gml:description>
			<gml:name>453</gml:name>
		</gml:Definition>
	</gml:dictionaryEntry>
	<gml:dictionaryEntry>
		<gml:Definition gml:id="id17">
			<gml:description>その他</gml:description>
			<gml:name>454</gml:name>
		</gml:Definition>
	</gml:dictionaryEntry>
	<gml:dictionaryEntry>
		<gml:Definition gml:id="id18">
			<gml:description>不明</gml:description>
			<gml:name>461</gml:name>
		</gml:Definition>
	</gml:dictionaryEntry>
</gml:Dictionary>
