<?xml version="1.0" encoding="UTF-8"?>
<gml:Dictionary xmlns:xsi="http://www.w3.org/2001/XMLSchema-instance" xmlns:gml="http://www.opengis.net/gml" xsi:schemaLocation="http://www.opengis.net/gml http://schemas.opengis.net/gml/3.1.1/profiles/SimpleDictionary/1.0.0/gmlSimpleDictionaryProfile.xsd" gml:id="cl_25884768-801b-11ec-a8a3-0242ac120002">
	<gml:name>BuildingLandSlideRiskAttribute_description</gml:name>
<gml:dictionaryEntry><gml:Definition gml:id="id1"><gml:description>急傾斜地の崩落</gml:description><gml:name>1</gml:name>
  </gml:Definition>
 </gml:dictionaryEntry>
<gml:dictionaryEntry><gml:Definition gml:id="id2"><gml:description>土石流</gml:description><gml:name>2</gml:name>
  </gml:Definition>
 </gml:dictionaryEntry>
 <gml:dictionaryEntry><gml:Definition gml:id="id3"><gml:description>地すべり</gml:description><gml:name>3</gml:name>
  </gml:Definition>
 </gml:dictionaryEntry>
</gml:Dictionary>
