<?xml version="1.0" encoding="UTF-8"?>
<gml:Dictionary xmlns:xsi="http://www.w3.org/2001/XMLSchema-instance" xmlns:gml="http://www.opengis.net/gml" xsi:schemaLocation="http://www.opengis.net/gml http://schemas.opengis.net/gml/3.1.1/profiles/SimpleDictionary/1.0.0/gmlSimpleDictionaryProfile.xsd" gml:id="cl_52d0e1a6-c3c0-4d63-9f4a-c30ba5706f93">
	<gml:name>BuildingInstallation_class</gml:name>
	<gml:dictionaryEntry>
		<gml:Definition gml:id="id1">
			<gml:description>外観の特徴</gml:description>
			<gml:name>1000</gml:name>
		</gml:Definition>
	</gml:dictionaryEntry>
	<gml:dictionaryEntry>
		<gml:Definition gml:id="id2">
			<gml:description>内装の特徴</gml:description>
			<gml:name>1010</gml:name>
		</gml:Definition>
	</gml:dictionaryEntry>
	<gml:dictionaryEntry>
		<gml:Definition gml:id="id3">
			<gml:description>廃棄物管理</gml:description>
			<gml:name>1020</gml:name>
		</gml:Definition>
	</gml:dictionaryEntry>
	<gml:dictionaryEntry>
		<gml:Definition gml:id="id4">
			<gml:description>維持管理</gml:description>
			<gml:name>1030</gml:name>
		</gml:Definition>
	</gml:dictionaryEntry>
	<gml:dictionaryEntry>
		<gml:Definition gml:id="id5">
			<gml:description>通信設備</gml:description>
			<gml:name>1040</gml:name>
		</gml:Definition>
	</gml:dictionaryEntry>
	<gml:dictionaryEntry>
		<gml:Definition gml:id="id6">
			<gml:description>保安施設</gml:description>
			<gml:name>1050</gml:name>
		</gml:Definition>
	</gml:dictionaryEntry>
		<gml:dictionaryEntry>
		<gml:Definition gml:id="id7">
			<gml:description>その他</gml:description>
			<gml:name>1060</gml:name>
		</gml:Definition>
	</gml:dictionaryEntry>

</gml:Dictionary>
