<?xml version="1.0" encoding="UTF-8"?>
<!-- fixed an error on 2022-04-21 -->
<gml:Dictionary xmlns:xsi="http://www.w3.org/2001/XMLSchema-instance" xmlns:gml="http://www.opengis.net/gml" xsi:schemaLocation="http://www.opengis.net/gml http://schemas.opengis.net/gml/3.1.1/profiles/SimpleDictionary/1.0.0/gmlSimpleDictionaryProfile.xsd" gml:id="cl_e9e4f5b8-8e10-11ec-b909-0242ac120002">
	<gml:name>BuildingDetailAttribute_vacancy</gml:name>
	<gml:dictionaryEntry>
		<gml:Definition gml:id="id1">
			<gml:description>空き家</gml:description>
			<gml:name>1</gml:name>
		</gml:Definition>
	</gml:dictionaryEntry>
	<gml:dictionaryEntry>
		<gml:Definition gml:id="id2">
			<gml:description>空き家以外</gml:description>
			<gml:name>0</gml:name>
		</gml:Definition>
	</gml:dictionaryEntry>
</gml:Dictionary>
