<?xml version="1.0" encoding="UTF-8"?><gml:Dictionary xmlns:xsi="http://www.w3.org/2001/XMLSchema-instance" xmlns:gml="http://www.opengis.net/gml" xsi:schemaLocation="http://www.opengis.net/gml http://schemas.opengis.net/gml/3.1.1/profiles/SimpleDictionary/1.0.0/gmlSimpleDictionaryProfile.xsd" gml:id="Building_fireproofStructureType"><gml:name>Building_fireproofStructureType</gml:name>
<gml:dictionaryEntry><gml:Definition gml:id="id2"><gml:description>fireproof</gml:description><gml:name>1010</gml:name></gml:Definition></gml:dictionaryEntry>
<gml:dictionaryEntry><gml:Definition gml:id="id3"><gml:description>semi-fireproof</gml:description><gml:name>1020</gml:name></gml:Definition></gml:dictionaryEntry>
<gml:dictionaryEntry><gml:Definition gml:id="id4"><gml:description>others</gml:description><gml:name>1030</gml:name></gml:Definition></gml:dictionaryEntry>
<gml:dictionaryEntry><gml:Definition gml:id="id5"><gml:description>unexamined</gml:description><gml:name>9000</gml:name></gml:Definition></gml:dictionaryEntry>
<gml:dictionaryEntry><gml:Definition gml:id="id6"><gml:description>exception</gml:description><gml:name>9010</gml:name></gml:Definition></gml:dictionaryEntry>
<gml:dictionaryEntry><gml:Definition gml:id="id7"><gml:description>unknown</gml:description><gml:name>9020</gml:name></gml:Definition></gml:dictionaryEntry>
</gml:Dictionary>
