<?xml version="1.0" encoding="UTF-8"?>
<gml:Dictionary xmlns:xsi="http://www.w3.org/2001/XMLSchema-instance" xmlns:gml="http://www.opengis.net/gml" xsi:schemaLocation="http://www.opengis.net/gml http://schemas.opengis.net/gml/3.1.1/profiles/SimpleDictionary/1.0.0/gmlSimpleDictionaryProfile.xsd" gml:id="cl_d646bcf8-8019-11ec-a8a3-0242ac120002">
	<gml:name>BuildingDataQualityAttribute_geometrySrcDesc</gml:name>
	<gml:dictionaryEntry>
		<gml:Definition gml:id="id1">
			<gml:description>現地測量</gml:description>
			<gml:name>1</gml:name>
		</gml:Definition>
	</gml:dictionaryEntry>
	<gml:dictionaryEntry>
		<gml:Definition gml:id="id2">
			<gml:description>地上レーザ測量</gml:description>
			<gml:name>2</gml:name>
		</gml:Definition>
	</gml:dictionaryEntry>
	<gml:dictionaryEntry>
		<gml:Definition gml:id="id3">
			<gml:description>車載写真レーザ測量</gml:description>
			<gml:name>3</gml:name>
		</gml:Definition>
	</gml:dictionaryEntry>
	<gml:dictionaryEntry>
		<gml:Definition gml:id="id4">
			<gml:description>UAV写真測量</gml:description>
			<gml:name>4</gml:name>
		</gml:Definition>
	</gml:dictionaryEntry>
	<gml:dictionaryEntry>
		<gml:Definition gml:id="id5">
			<gml:description>空中写真測量</gml:description>
			<gml:name>5</gml:name>
		</gml:Definition>
	</gml:dictionaryEntry>
	<gml:dictionaryEntry>
		<gml:Definition gml:id="id6">
			<gml:description>既成図数値化</gml:description>
			<gml:name>6</gml:name>
		</gml:Definition>
	</gml:dictionaryEntry>
	<gml:dictionaryEntry>
		<gml:Definition gml:id="id7">
			<gml:description>修正測量</gml:description>
			<gml:name>7</gml:name>
		</gml:Definition>
	</gml:dictionaryEntry>
	<gml:dictionaryEntry>
		<gml:Definition gml:id="id8">
			<gml:description>航空レーザ測量</gml:description>
			<gml:name>8</gml:name>
		</gml:Definition>
	</gml:dictionaryEntry>
	<gml:dictionaryEntry>
		<gml:Definition gml:id="id9">
			<gml:description>現地調査</gml:description>
			<gml:name>9</gml:name>
		</gml:Definition>
	</gml:dictionaryEntry>
	<gml:dictionaryEntry>
		<gml:Definition gml:id="id10">
			<gml:description>推定</gml:description>
			<gml:name>0</gml:name>
		</gml:Definition>
	</gml:dictionaryEntry>
</gml:Dictionary>
