<?xml version="1.0" encoding="UTF-8"?>
<gml:Dictionary xmlns:xsi="http://www.w3.org/2001/XMLSchema-instance" xmlns:gml="http://www.opengis.net/gml" xsi:schemaLocation="http://www.opengis.net/gml http://schemas.opengis.net/gml/3.1.1/profiles/SimpleDictionary/1.0.0/gmlSimpleDictionaryProfile.xsd" gml:id="cl_f33954dd-565e-470a-a986-46700d4f68d0">
	<gml:name>CityFurniture_class</gml:name>
	<gml:dictionaryEntry>
		<gml:Definition gml:id="id2">
			<gml:description>交通施設</gml:description>
			<gml:name>1000</gml:name>
		</gml:Definition>
	</gml:dictionaryEntry>
	<gml:dictionaryEntry>
		<gml:Definition gml:id="id3">
			<gml:description>通信施設</gml:description>
			<gml:name>1010</gml:name>
		</gml:Definition>
	</gml:dictionaryEntry>
	<gml:dictionaryEntry>
		<gml:Definition gml:id="id4">
			<gml:description>保安施設</gml:description>
			<gml:name>1020</gml:name>
		</gml:Definition>
	</gml:dictionaryEntry>
	<gml:dictionaryEntry>
		<gml:Definition gml:id="id5">
			<gml:description>その他</gml:description>
			<gml:name>1030</gml:name>
		</gml:Definition>
	</gml:dictionaryEntry>
</gml:Dictionary>
