<?xml version="1.0" encoding="UTF-8"?>
<gml:Dictionary xmlns:xsi="http://www.w3.org/2001/XMLSchema-instance" xmlns:gml="http://www.opengis.net/gml" xsi:schemaLocation="http://www.opengis.net/gml http://schemas.opengis.net/gml/3.1.1/profiles/SimpleDictionary/1.0.0/gmlSimpleDictionaryProfile.xsd" gml:id="Common_currencyUnit">
<!-- remove duplication on 2022-04-28 -->
	<gml:name>Common_currencyUnit</gml:name>
<gml:dictionaryEntry><gml:Definition gml:id="id1"><gml:description>Lek</gml:description><gml:name>ALL</gml:name></gml:Definition></gml:dictionaryEntry>
<gml:dictionaryEntry><gml:Definition gml:id="id2"><gml:description>Algerian Dinar</gml:description><gml:name>DZD</gml:name></gml:Definition></gml:dictionaryEntry>
<gml:dictionaryEntry><gml:Definition gml:id="id3"><gml:description>Argentine Peso</gml:description><gml:name>ARS</gml:name></gml:Definition></gml:dictionaryEntry>
<gml:dictionaryEntry><gml:Definition gml:id="id4"><gml:description>Australian Dollar</gml:description><gml:name>AUD</gml:name></gml:Definition></gml:dictionaryEntry>
<gml:dictionaryEntry><gml:Definition gml:id="id5"><gml:description>Bahamian Dollar</gml:description><gml:name>BSD</gml:name></gml:Definition></gml:dictionaryEntry>
<gml:dictionaryEntry><gml:Definition gml:id="id6"><gml:description>Bahraini Dinar</gml:description><gml:name>BHD</gml:name></gml:Definition></gml:dictionaryEntry>
<gml:dictionaryEntry><gml:Definition gml:id="id7"><gml:description>Taka</gml:description><gml:name>BDT</gml:name></gml:Definition></gml:dictionaryEntry>
<gml:dictionaryEntry><gml:Definition gml:id="id8"><gml:description>Armenian Dram</gml:description><gml:name>AMD</gml:name></gml:Definition></gml:dictionaryEntry>
<gml:dictionaryEntry><gml:Definition gml:id="id9"><gml:description>Barbados Dollar</gml:description><gml:name>BBD</gml:name></gml:Definition></gml:dictionaryEntry>
<gml:dictionaryEntry><gml:Definition gml:id="id10"><gml:description>Bermudian Dollar</gml:description><gml:name>BMD</gml:name></gml:Definition></gml:dictionaryEntry>
<gml:dictionaryEntry><gml:Definition gml:id="id11"><gml:description>Ngultrum</gml:description><gml:name>BTN</gml:name></gml:Definition></gml:dictionaryEntry>
<gml:dictionaryEntry><gml:Definition gml:id="id12"><gml:description>Boliviano</gml:description><gml:name>BOB</gml:name></gml:Definition></gml:dictionaryEntry>
<gml:dictionaryEntry><gml:Definition gml:id="id13"><gml:description>Pula</gml:description><gml:name>BWP</gml:name></gml:Definition></gml:dictionaryEntry>
<gml:dictionaryEntry><gml:Definition gml:id="id14"><gml:description>Belize Dollar</gml:description><gml:name>BZD</gml:name></gml:Definition></gml:dictionaryEntry>
<gml:dictionaryEntry><gml:Definition gml:id="id15"><gml:description>Solomon Islands Dollar</gml:description><gml:name>SBD</gml:name></gml:Definition></gml:dictionaryEntry>
<gml:dictionaryEntry><gml:Definition gml:id="id16"><gml:description>Brunei Dollar</gml:description><gml:name>BND</gml:name></gml:Definition></gml:dictionaryEntry>
<gml:dictionaryEntry><gml:Definition gml:id="id17"><gml:description>Kyat</gml:description><gml:name>MMK</gml:name></gml:Definition></gml:dictionaryEntry>
<gml:dictionaryEntry><gml:Definition gml:id="id18"><gml:description>Burundi Franc</gml:description><gml:name>BIF</gml:name></gml:Definition></gml:dictionaryEntry>
<gml:dictionaryEntry><gml:Definition gml:id="id19"><gml:description>Riel</gml:description><gml:name>KHR</gml:name></gml:Definition></gml:dictionaryEntry>
<gml:dictionaryEntry><gml:Definition gml:id="id20"><gml:description>Canadian Dollar</gml:description><gml:name>CAD</gml:name></gml:Definition></gml:dictionaryEntry>
<gml:dictionaryEntry><gml:Definition gml:id="id21"><gml:description>Cabo Verde Escudo</gml:description><gml:name>CVE</gml:name></gml:Definition></gml:dictionaryEntry>
<gml:dictionaryEntry><gml:Definition gml:id="id22"><gml:description>Cayman Islands Dollar</gml:description><gml:name>KYD</gml:name></gml:Definition></gml:dictionaryEntry>
<gml:dictionaryEntry><gml:Definition gml:id="id23"><gml:description>Sri Lanka Rupee</gml:description><gml:name>LKR</gml:name></gml:Definition></gml:dictionaryEntry>
<gml:dictionaryEntry><gml:Definition gml:id="id24"><gml:description>Chilean Peso</gml:description><gml:name>CLP</gml:name></gml:Definition></gml:dictionaryEntry>
<gml:dictionaryEntry><gml:Definition gml:id="id25"><gml:description>Yuan Renminbi</gml:description><gml:name>CNY</gml:name></gml:Definition></gml:dictionaryEntry>
<gml:dictionaryEntry><gml:Definition gml:id="id26"><gml:description>Colombian Peso</gml:description><gml:name>COP</gml:name></gml:Definition></gml:dictionaryEntry>
<gml:dictionaryEntry><gml:Definition gml:id="id27"><gml:description>Comoro Franc</gml:description><gml:name>KMF</gml:name></gml:Definition></gml:dictionaryEntry>
<gml:dictionaryEntry><gml:Definition gml:id="id28"><gml:description>Costa Rican Colon</gml:description><gml:name>CRC</gml:name></gml:Definition></gml:dictionaryEntry>
<gml:dictionaryEntry><gml:Definition gml:id="id29"><gml:description>Kuna</gml:description><gml:name>HRK</gml:name></gml:Definition></gml:dictionaryEntry>
<gml:dictionaryEntry><gml:Definition gml:id="id30"><gml:description>Cuban Peso</gml:description><gml:name>CUP</gml:name></gml:Definition></gml:dictionaryEntry>
<gml:dictionaryEntry><gml:Definition gml:id="id31"><gml:description>Czech Koruna</gml:description><gml:name>CZK</gml:name></gml:Definition></gml:dictionaryEntry>
<gml:dictionaryEntry><gml:Definition gml:id="id32"><gml:description>Danish Krone</gml:description><gml:name>DKK</gml:name></gml:Definition></gml:dictionaryEntry>
<gml:dictionaryEntry><gml:Definition gml:id="id33"><gml:description>Dominican Peso</gml:description><gml:name>DOP</gml:name></gml:Definition></gml:dictionaryEntry>
<gml:dictionaryEntry><gml:Definition gml:id="id34"><gml:description>El Salvador Colon</gml:description><gml:name>SVC</gml:name></gml:Definition></gml:dictionaryEntry>
<gml:dictionaryEntry><gml:Definition gml:id="id35"><gml:description>Ethiopian Birr</gml:description><gml:name>ETB</gml:name></gml:Definition></gml:dictionaryEntry>
<gml:dictionaryEntry><gml:Definition gml:id="id36"><gml:description>Nakfa</gml:description><gml:name>ERN</gml:name></gml:Definition></gml:dictionaryEntry>
<gml:dictionaryEntry><gml:Definition gml:id="id37"><gml:description>Falkland Islands Pound</gml:description><gml:name>FKP</gml:name></gml:Definition></gml:dictionaryEntry>
<gml:dictionaryEntry><gml:Definition gml:id="id38"><gml:description>Fiji Dollar</gml:description><gml:name>FJD</gml:name></gml:Definition></gml:dictionaryEntry>
<gml:dictionaryEntry><gml:Definition gml:id="id39"><gml:description>Djibouti Franc</gml:description><gml:name>DJF</gml:name></gml:Definition></gml:dictionaryEntry>
<gml:dictionaryEntry><gml:Definition gml:id="id40"><gml:description>Dalasi</gml:description><gml:name>GMD</gml:name></gml:Definition></gml:dictionaryEntry>
<gml:dictionaryEntry><gml:Definition gml:id="id41"><gml:description>Gibraltar Pound</gml:description><gml:name>GIP</gml:name></gml:Definition></gml:dictionaryEntry>
<gml:dictionaryEntry><gml:Definition gml:id="id42"><gml:description>Quetzal</gml:description><gml:name>GTQ</gml:name></gml:Definition></gml:dictionaryEntry>
<gml:dictionaryEntry><gml:Definition gml:id="id43"><gml:description>Guinea Franc</gml:description><gml:name>GNF</gml:name></gml:Definition></gml:dictionaryEntry>
<gml:dictionaryEntry><gml:Definition gml:id="id44"><gml:description>Guyana Dollar</gml:description><gml:name>GYD</gml:name></gml:Definition></gml:dictionaryEntry>
<gml:dictionaryEntry><gml:Definition gml:id="id45"><gml:description>Gourde</gml:description><gml:name>HTG</gml:name></gml:Definition></gml:dictionaryEntry>
<gml:dictionaryEntry><gml:Definition gml:id="id46"><gml:description>Lempira</gml:description><gml:name>HNL</gml:name></gml:Definition></gml:dictionaryEntry>
<gml:dictionaryEntry><gml:Definition gml:id="id47"><gml:description>Hong Kong Dollar</gml:description><gml:name>HKD</gml:name></gml:Definition></gml:dictionaryEntry>
<gml:dictionaryEntry><gml:Definition gml:id="id48"><gml:description>Forint</gml:description><gml:name>HUF</gml:name></gml:Definition></gml:dictionaryEntry>
<gml:dictionaryEntry><gml:Definition gml:id="id49"><gml:description>Iceland Krona</gml:description><gml:name>ISK</gml:name></gml:Definition></gml:dictionaryEntry>
<gml:dictionaryEntry><gml:Definition gml:id="id50"><gml:description>Indian Rupee</gml:description><gml:name>INR</gml:name></gml:Definition></gml:dictionaryEntry>
<gml:dictionaryEntry><gml:Definition gml:id="id51"><gml:description>Rupiah</gml:description><gml:name>IDR</gml:name></gml:Definition></gml:dictionaryEntry>
<gml:dictionaryEntry><gml:Definition gml:id="id52"><gml:description>Iranian Rial</gml:description><gml:name>IRR</gml:name></gml:Definition></gml:dictionaryEntry>
<gml:dictionaryEntry><gml:Definition gml:id="id53"><gml:description>Iraqi Dinar</gml:description><gml:name>IQD</gml:name></gml:Definition></gml:dictionaryEntry>
<gml:dictionaryEntry><gml:Definition gml:id="id54"><gml:description>New Israeli Sheqel</gml:description><gml:name>ILS</gml:name></gml:Definition></gml:dictionaryEntry>
<gml:dictionaryEntry><gml:Definition gml:id="id55"><gml:description>Jamaican Dollar</gml:description><gml:name>JMD</gml:name></gml:Definition></gml:dictionaryEntry>
<gml:dictionaryEntry><gml:Definition gml:id="id56"><gml:description>Yen</gml:description><gml:name>JPY</gml:name></gml:Definition></gml:dictionaryEntry>
<gml:dictionaryEntry><gml:Definition gml:id="id57"><gml:description>Tenge</gml:description><gml:name>KZT</gml:name></gml:Definition></gml:dictionaryEntry>
<gml:dictionaryEntry><gml:Definition gml:id="id58"><gml:description>Jordanian Dinar</gml:description><gml:name>JOD</gml:name></gml:Definition></gml:dictionaryEntry>
<gml:dictionaryEntry><gml:Definition gml:id="id59"><gml:description>Kenyan Shilling</gml:description><gml:name>KES</gml:name></gml:Definition></gml:dictionaryEntry>
<gml:dictionaryEntry><gml:Definition gml:id="id60"><gml:description>North Korean Won</gml:description><gml:name>KPW</gml:name></gml:Definition></gml:dictionaryEntry>
<gml:dictionaryEntry><gml:Definition gml:id="id61"><gml:description>Won</gml:description><gml:name>KRW</gml:name></gml:Definition></gml:dictionaryEntry>
<gml:dictionaryEntry><gml:Definition gml:id="id62"><gml:description>Kuwaiti Dinar</gml:description><gml:name>KWD</gml:name></gml:Definition></gml:dictionaryEntry>
<gml:dictionaryEntry><gml:Definition gml:id="id63"><gml:description>Som</gml:description><gml:name>KGS</gml:name></gml:Definition></gml:dictionaryEntry>
<gml:dictionaryEntry><gml:Definition gml:id="id64"><gml:description>Kip</gml:description><gml:name>LAK</gml:name></gml:Definition></gml:dictionaryEntry>
<gml:dictionaryEntry><gml:Definition gml:id="id65"><gml:description>Lebanese Pound</gml:description><gml:name>LBP</gml:name></gml:Definition></gml:dictionaryEntry>
<gml:dictionaryEntry><gml:Definition gml:id="id66"><gml:description>Loti</gml:description><gml:name>LSL</gml:name></gml:Definition></gml:dictionaryEntry>
<gml:dictionaryEntry><gml:Definition gml:id="id67"><gml:description>Liberian Dollar</gml:description><gml:name>LRD</gml:name></gml:Definition></gml:dictionaryEntry>
<gml:dictionaryEntry><gml:Definition gml:id="id68"><gml:description>Libyan Dinar</gml:description><gml:name>LYD</gml:name></gml:Definition></gml:dictionaryEntry>
<gml:dictionaryEntry><gml:Definition gml:id="id69"><gml:description>Pataca</gml:description><gml:name>MOP</gml:name></gml:Definition></gml:dictionaryEntry>
<gml:dictionaryEntry><gml:Definition gml:id="id70"><gml:description>Kwacha</gml:description><gml:name>MWK</gml:name></gml:Definition></gml:dictionaryEntry>
<gml:dictionaryEntry><gml:Definition gml:id="id71"><gml:description>Malaysian Ringgit</gml:description><gml:name>MYR</gml:name></gml:Definition></gml:dictionaryEntry>
<gml:dictionaryEntry><gml:Definition gml:id="id72"><gml:description>Rufiyaa</gml:description><gml:name>MVR</gml:name></gml:Definition></gml:dictionaryEntry>
<gml:dictionaryEntry><gml:Definition gml:id="id73"><gml:description>Mauritius Rupee</gml:description><gml:name>MUR</gml:name></gml:Definition></gml:dictionaryEntry>
<gml:dictionaryEntry><gml:Definition gml:id="id74"><gml:description>Mexican Peso</gml:description><gml:name>MXN</gml:name></gml:Definition></gml:dictionaryEntry>
<gml:dictionaryEntry><gml:Definition gml:id="id75"><gml:description>Tugrik</gml:description><gml:name>MNT</gml:name></gml:Definition></gml:dictionaryEntry>
<gml:dictionaryEntry><gml:Definition gml:id="id76"><gml:description>Moldovan Leu</gml:description><gml:name>MDL</gml:name></gml:Definition></gml:dictionaryEntry>
<gml:dictionaryEntry><gml:Definition gml:id="id77"><gml:description>Moroccan Dirham</gml:description><gml:name>MAD</gml:name></gml:Definition></gml:dictionaryEntry>
<gml:dictionaryEntry><gml:Definition gml:id="id78"><gml:description>Rial Omani</gml:description><gml:name>OMR</gml:name></gml:Definition></gml:dictionaryEntry>
<gml:dictionaryEntry><gml:Definition gml:id="id79"><gml:description>Namibia Dollar</gml:description><gml:name>NAD</gml:name></gml:Definition></gml:dictionaryEntry>
<gml:dictionaryEntry><gml:Definition gml:id="id80"><gml:description>Nepalese Rupee</gml:description><gml:name>NPR</gml:name></gml:Definition></gml:dictionaryEntry>
<gml:dictionaryEntry><gml:Definition gml:id="id81"><gml:description>Netherlands Antillean Guilder</gml:description><gml:name>ANG</gml:name></gml:Definition></gml:dictionaryEntry>
<gml:dictionaryEntry><gml:Definition gml:id="id82"><gml:description>Aruban Florin</gml:description><gml:name>AWG</gml:name></gml:Definition></gml:dictionaryEntry>
<gml:dictionaryEntry><gml:Definition gml:id="id83"><gml:description>Vatu</gml:description><gml:name>VUV</gml:name></gml:Definition></gml:dictionaryEntry>
<gml:dictionaryEntry><gml:Definition gml:id="id84"><gml:description>New Zealand Dollar</gml:description><gml:name>NZD</gml:name></gml:Definition></gml:dictionaryEntry>
<gml:dictionaryEntry><gml:Definition gml:id="id85"><gml:description>Cordoba Oro</gml:description><gml:name>NIO</gml:name></gml:Definition></gml:dictionaryEntry>
<gml:dictionaryEntry><gml:Definition gml:id="id86"><gml:description>Naira</gml:description><gml:name>NGN</gml:name></gml:Definition></gml:dictionaryEntry>
<gml:dictionaryEntry><gml:Definition gml:id="id87"><gml:description>Norwegian Krone</gml:description><gml:name>NOK</gml:name></gml:Definition></gml:dictionaryEntry>
<gml:dictionaryEntry><gml:Definition gml:id="id88"><gml:description>Pakistan Rupee</gml:description><gml:name>PKR</gml:name></gml:Definition></gml:dictionaryEntry>
<gml:dictionaryEntry><gml:Definition gml:id="id89"><gml:description>Balboa</gml:description><gml:name>PAB</gml:name></gml:Definition></gml:dictionaryEntry>
<gml:dictionaryEntry><gml:Definition gml:id="id90"><gml:description>Kina</gml:description><gml:name>PGK</gml:name></gml:Definition></gml:dictionaryEntry>
<gml:dictionaryEntry><gml:Definition gml:id="id91"><gml:description>Guarani</gml:description><gml:name>PYG</gml:name></gml:Definition></gml:dictionaryEntry>
<gml:dictionaryEntry><gml:Definition gml:id="id92"><gml:description>Nuevo Sol</gml:description><gml:name>PEN</gml:name></gml:Definition></gml:dictionaryEntry>
<gml:dictionaryEntry><gml:Definition gml:id="id93"><gml:description>Philippine Peso</gml:description><gml:name>PHP</gml:name></gml:Definition></gml:dictionaryEntry>
<gml:dictionaryEntry><gml:Definition gml:id="id94"><gml:description>Qatari Rial</gml:description><gml:name>QAR</gml:name></gml:Definition></gml:dictionaryEntry>
<gml:dictionaryEntry><gml:Definition gml:id="id95"><gml:description>Russian Ruble</gml:description><gml:name>RUB</gml:name></gml:Definition></gml:dictionaryEntry>
<gml:dictionaryEntry><gml:Definition gml:id="id96"><gml:description>Rwanda Franc</gml:description><gml:name>RWF</gml:name></gml:Definition></gml:dictionaryEntry>
<gml:dictionaryEntry><gml:Definition gml:id="id97"><gml:description>Saint Helena Pound</gml:description><gml:name>SHP</gml:name></gml:Definition></gml:dictionaryEntry>
<gml:dictionaryEntry><gml:Definition gml:id="id98"><gml:description>Saudi Riyal</gml:description><gml:name>SAR</gml:name></gml:Definition></gml:dictionaryEntry>
<gml:dictionaryEntry><gml:Definition gml:id="id99"><gml:description>Seychelles Rupee</gml:description><gml:name>SCR</gml:name></gml:Definition></gml:dictionaryEntry>
<gml:dictionaryEntry><gml:Definition gml:id="id100"><gml:description>Leone</gml:description><gml:name>SLL</gml:name></gml:Definition></gml:dictionaryEntry>
<gml:dictionaryEntry><gml:Definition gml:id="id101"><gml:description>Singapore Dollar</gml:description><gml:name>SGD</gml:name></gml:Definition></gml:dictionaryEntry>
<gml:dictionaryEntry><gml:Definition gml:id="id102"><gml:description>Dong</gml:description><gml:name>VND</gml:name></gml:Definition></gml:dictionaryEntry>
<gml:dictionaryEntry><gml:Definition gml:id="id103"><gml:description>Somali Shilling</gml:description><gml:name>SOS</gml:name></gml:Definition></gml:dictionaryEntry>
<gml:dictionaryEntry><gml:Definition gml:id="id104"><gml:description>Rand</gml:description><gml:name>ZAR</gml:name></gml:Definition></gml:dictionaryEntry>
<gml:dictionaryEntry><gml:Definition gml:id="id105"><gml:description>South Sudanese Pound</gml:description><gml:name>SSP</gml:name></gml:Definition></gml:dictionaryEntry>
<gml:dictionaryEntry><gml:Definition gml:id="id106"><gml:description>Lilangeni</gml:description><gml:name>SZL</gml:name></gml:Definition></gml:dictionaryEntry>
<gml:dictionaryEntry><gml:Definition gml:id="id107"><gml:description>Swedish Krona</gml:description><gml:name>SEK</gml:name></gml:Definition></gml:dictionaryEntry>
<gml:dictionaryEntry><gml:Definition gml:id="id108"><gml:description>Swiss Franc</gml:description><gml:name>CHF</gml:name></gml:Definition></gml:dictionaryEntry>
<gml:dictionaryEntry><gml:Definition gml:id="id109"><gml:description>Syrian Pound</gml:description><gml:name>SYP</gml:name></gml:Definition></gml:dictionaryEntry>
<gml:dictionaryEntry><gml:Definition gml:id="id110"><gml:description>Baht</gml:description><gml:name>THB</gml:name></gml:Definition></gml:dictionaryEntry>
<gml:dictionaryEntry><gml:Definition gml:id="id111"><gml:description>Pa’anga</gml:description><gml:name>TOP</gml:name></gml:Definition></gml:dictionaryEntry>
<gml:dictionaryEntry><gml:Definition gml:id="id112"><gml:description>Trinidad and Tobago Dollar</gml:description><gml:name>TTD</gml:name></gml:Definition></gml:dictionaryEntry>
<gml:dictionaryEntry><gml:Definition gml:id="id113"><gml:description>UAE Dirham</gml:description><gml:name>AED</gml:name></gml:Definition></gml:dictionaryEntry>
<gml:dictionaryEntry><gml:Definition gml:id="id114"><gml:description>Tunisian Dinar</gml:description><gml:name>TND</gml:name></gml:Definition></gml:dictionaryEntry>
<gml:dictionaryEntry><gml:Definition gml:id="id115"><gml:description>Uganda Shilling</gml:description><gml:name>UGX</gml:name></gml:Definition></gml:dictionaryEntry>
<gml:dictionaryEntry><gml:Definition gml:id="id116"><gml:description>Denar</gml:description><gml:name>MKD</gml:name></gml:Definition></gml:dictionaryEntry>
<gml:dictionaryEntry><gml:Definition gml:id="id117"><gml:description>Egyptian Pound</gml:description><gml:name>EGP</gml:name></gml:Definition></gml:dictionaryEntry>
<gml:dictionaryEntry><gml:Definition gml:id="id118"><gml:description>Pound Sterling</gml:description><gml:name>GBP</gml:name></gml:Definition></gml:dictionaryEntry>
<gml:dictionaryEntry><gml:Definition gml:id="id119"><gml:description>Tanzanian Shilling</gml:description><gml:name>TZS</gml:name></gml:Definition></gml:dictionaryEntry>
<gml:dictionaryEntry><gml:Definition gml:id="id120"><gml:description>US Dollar</gml:description><gml:name>USD</gml:name></gml:Definition></gml:dictionaryEntry>
<gml:dictionaryEntry><gml:Definition gml:id="id121"><gml:description>Peso Uruguayo</gml:description><gml:name>UYU</gml:name></gml:Definition></gml:dictionaryEntry>
<gml:dictionaryEntry><gml:Definition gml:id="id122"><gml:description>Uzbekistan Sum</gml:description><gml:name>UZS</gml:name></gml:Definition></gml:dictionaryEntry>
<gml:dictionaryEntry><gml:Definition gml:id="id123"><gml:description>Tala</gml:description><gml:name>WST</gml:name></gml:Definition></gml:dictionaryEntry>
<gml:dictionaryEntry><gml:Definition gml:id="id124"><gml:description>Yemeni Rial</gml:description><gml:name>YER</gml:name></gml:Definition></gml:dictionaryEntry>
<gml:dictionaryEntry><gml:Definition gml:id="id125"><gml:description>New Taiwan Dollar</gml:description><gml:name>TWD</gml:name></gml:Definition></gml:dictionaryEntry>
<gml:dictionaryEntry><gml:Definition gml:id="id126"><gml:description>Bolivar</gml:description><gml:name>VED</gml:name></gml:Definition></gml:dictionaryEntry>
<gml:dictionaryEntry><gml:Definition gml:id="id127"><gml:description>Ouguiya</gml:description><gml:name>MRU</gml:name></gml:Definition></gml:dictionaryEntry>
<gml:dictionaryEntry><gml:Definition gml:id="id128"><gml:description>Dobra</gml:description><gml:name>STN</gml:name></gml:Definition></gml:dictionaryEntry>
<gml:dictionaryEntry><gml:Definition gml:id="id129"><gml:description>Peso Convertible</gml:description><gml:name>CUC</gml:name></gml:Definition></gml:dictionaryEntry>
<gml:dictionaryEntry><gml:Definition gml:id="id130"><gml:description>Zimbabwe Dollar</gml:description><gml:name>ZWL</gml:name></gml:Definition></gml:dictionaryEntry>
<gml:dictionaryEntry><gml:Definition gml:id="id131"><gml:description>Belarussian Ruble</gml:description><gml:name>BYN</gml:name></gml:Definition></gml:dictionaryEntry>
<gml:dictionaryEntry><gml:Definition gml:id="id132"><gml:description>Turkmenistan New Manat</gml:description><gml:name>TMT</gml:name></gml:Definition></gml:dictionaryEntry>
<gml:dictionaryEntry><gml:Definition gml:id="id133"><gml:description>Ghana Cedi</gml:description><gml:name>GHS</gml:name></gml:Definition></gml:dictionaryEntry>
<gml:dictionaryEntry><gml:Definition gml:id="id134"><gml:description>Bolivar</gml:description><gml:name>VEF</gml:name></gml:Definition></gml:dictionaryEntry>
<gml:dictionaryEntry><gml:Definition gml:id="id135"><gml:description>Sudanese Pound</gml:description><gml:name>SDG</gml:name></gml:Definition></gml:dictionaryEntry>
<gml:dictionaryEntry><gml:Definition gml:id="id136"><gml:description>Uruguay Peso en Unidades Indexadas (URUIURUI)</gml:description><gml:name>UYI</gml:name></gml:Definition></gml:dictionaryEntry>
<gml:dictionaryEntry><gml:Definition gml:id="id137"><gml:description>Serbian Dinar</gml:description><gml:name>RSD</gml:name></gml:Definition></gml:dictionaryEntry>
<gml:dictionaryEntry><gml:Definition gml:id="id138"><gml:description>Mozambique Metical</gml:description><gml:name>MZN</gml:name></gml:Definition></gml:dictionaryEntry>
<gml:dictionaryEntry><gml:Definition gml:id="id139"><gml:description>Azerbaijanian Manat</gml:description><gml:name>AZN</gml:name></gml:Definition></gml:dictionaryEntry>
<gml:dictionaryEntry><gml:Definition gml:id="id140"><gml:description>Romanian Leu</gml:description><gml:name>RON</gml:name></gml:Definition></gml:dictionaryEntry>
<gml:dictionaryEntry><gml:Definition gml:id="id141"><gml:description>WIR Euro</gml:description><gml:name>CHE</gml:name></gml:Definition></gml:dictionaryEntry>
<gml:dictionaryEntry><gml:Definition gml:id="id142"><gml:description>WIR Franc</gml:description><gml:name>CHW</gml:name></gml:Definition></gml:dictionaryEntry>
<gml:dictionaryEntry><gml:Definition gml:id="id143"><gml:description>Turkish Lira</gml:description><gml:name>TRY</gml:name></gml:Definition></gml:dictionaryEntry>
<gml:dictionaryEntry><gml:Definition gml:id="id144"><gml:description>CFA Franc BEAC</gml:description><gml:name>XAF</gml:name></gml:Definition></gml:dictionaryEntry>
<gml:dictionaryEntry><gml:Definition gml:id="id145"><gml:description>East Caribbean Dollar</gml:description><gml:name>XCD</gml:name></gml:Definition></gml:dictionaryEntry>
<gml:dictionaryEntry><gml:Definition gml:id="id146"><gml:description>CFA Franc BCEAO</gml:description><gml:name>XOF</gml:name></gml:Definition></gml:dictionaryEntry>
<gml:dictionaryEntry><gml:Definition gml:id="id147"><gml:description>CFP Franc</gml:description><gml:name>XPF</gml:name></gml:Definition></gml:dictionaryEntry>
<gml:dictionaryEntry><gml:Definition gml:id="id148"><gml:description>SDR (Special Drawing Right)</gml:description><gml:name>XDR</gml:name></gml:Definition></gml:dictionaryEntry>
<gml:dictionaryEntry><gml:Definition gml:id="id149"><gml:description>ADB Unit of Account</gml:description><gml:name>XUA</gml:name></gml:Definition></gml:dictionaryEntry>
<gml:dictionaryEntry><gml:Definition gml:id="id150"><gml:description>Zambian Kwacha</gml:description><gml:name>ZMW</gml:name></gml:Definition></gml:dictionaryEntry>
<gml:dictionaryEntry><gml:Definition gml:id="id151"><gml:description>Surinam Dollar</gml:description><gml:name>SRD</gml:name></gml:Definition></gml:dictionaryEntry>
<gml:dictionaryEntry><gml:Definition gml:id="id152"><gml:description>Malagasy Ariary</gml:description><gml:name>MGA</gml:name></gml:Definition></gml:dictionaryEntry>
<gml:dictionaryEntry><gml:Definition gml:id="id153"><gml:description>Unidad de Valor Real</gml:description><gml:name>COU</gml:name></gml:Definition></gml:dictionaryEntry>
<gml:dictionaryEntry><gml:Definition gml:id="id154"><gml:description>Afghani</gml:description><gml:name>AFN</gml:name></gml:Definition></gml:dictionaryEntry>
<gml:dictionaryEntry><gml:Definition gml:id="id155"><gml:description>Somoni</gml:description><gml:name>TJS</gml:name></gml:Definition></gml:dictionaryEntry>
<gml:dictionaryEntry><gml:Definition gml:id="id156"><gml:description>Kwanza</gml:description><gml:name>AOA</gml:name></gml:Definition></gml:dictionaryEntry>
<gml:dictionaryEntry><gml:Definition gml:id="id157"><gml:description>Bulgarian Lev</gml:description><gml:name>BGN</gml:name></gml:Definition></gml:dictionaryEntry>
<gml:dictionaryEntry><gml:Definition gml:id="id158"><gml:description>Congolese Franc</gml:description><gml:name>CDF</gml:name></gml:Definition></gml:dictionaryEntry>
<gml:dictionaryEntry><gml:Definition gml:id="id159"><gml:description>Convertible Mark</gml:description><gml:name>BAM</gml:name></gml:Definition></gml:dictionaryEntry>
<gml:dictionaryEntry><gml:Definition gml:id="id160"><gml:description>Euro</gml:description><gml:name>EUR</gml:name></gml:Definition></gml:dictionaryEntry>
<gml:dictionaryEntry><gml:Definition gml:id="id161"><gml:description>Mexican Unidad de Inversion (UDI)</gml:description><gml:name>MXV</gml:name></gml:Definition></gml:dictionaryEntry>
<gml:dictionaryEntry><gml:Definition gml:id="id162"><gml:description>Hryvnia</gml:description><gml:name>UAH</gml:name></gml:Definition></gml:dictionaryEntry>
<gml:dictionaryEntry><gml:Definition gml:id="id163"><gml:description>Lari</gml:description><gml:name>GEL</gml:name></gml:Definition></gml:dictionaryEntry>
<gml:dictionaryEntry><gml:Definition gml:id="id164"><gml:description>Mvdol</gml:description><gml:name>BOV</gml:name></gml:Definition></gml:dictionaryEntry>
<gml:dictionaryEntry><gml:Definition gml:id="id165"><gml:description>Zloty</gml:description><gml:name>PLN</gml:name></gml:Definition></gml:dictionaryEntry>
<gml:dictionaryEntry><gml:Definition gml:id="id166"><gml:description>Brazilian Real</gml:description><gml:name>BRL</gml:name></gml:Definition></gml:dictionaryEntry>
<gml:dictionaryEntry><gml:Definition gml:id="id167"><gml:description>Unidad de Fomento</gml:description><gml:name>CLF</gml:name></gml:Definition></gml:dictionaryEntry>
<gml:dictionaryEntry><gml:Definition gml:id="id168"><gml:description>Sucre</gml:description><gml:name>XSU</gml:name></gml:Definition></gml:dictionaryEntry>
<gml:dictionaryEntry><gml:Definition gml:id="id169"><gml:description>US Dollar (Next day)</gml:description><gml:name>USN</gml:name></gml:Definition></gml:dictionaryEntry>
</gml:Dictionary>
