﻿<?xml version="1.0" encoding="UTF-8"?>
<gml:Dictionary xmlns:xsi="http://www.w3.org/2001/XMLSchema-instance" xmlns:gml="http://www.opengis.net/gml" xsi:schemaLocation="http://www.opengis.net/gml http://schemas.opengis.net/gml/3.1.1/profiles/SimpleDictionary/1.0.0/gmlSimpleDictionaryProfile.xsd" gml:id="cl_9a954313-66ff-41a8-ac68-e790f04821c8">
	<gml:name>Common_landUsePlanType</gml:name>
	<gml:dictionaryEntry>
		<gml:Definition gml:id="id1">
			<gml:description>田</gml:description>
			<gml:name>201</gml:name>
		</gml:Definition>
	</gml:dictionaryEntry>
	<gml:dictionaryEntry>
		<gml:Definition gml:id="id2">
			<gml:description>畑（畑、樹園地、採草地、養鶏（牛・豚）場）</gml:description>
			<gml:name>202</gml:name>
		</gml:Definition>
	</gml:dictionaryEntry>
	<gml:dictionaryEntry>
		<gml:Definition gml:id="id3">
			<gml:description>山林（樹林地）</gml:description>
			<gml:name>203</gml:name>
		</gml:Definition>
	</gml:dictionaryEntry>
	<gml:dictionaryEntry>
		<gml:Definition gml:id="id4">
			<gml:description>水面（河川水面、湖沼、ため池、用水路、濠、運河水面）</gml:description>
			<gml:name>204</gml:name>
		</gml:Definition>
	</gml:dictionaryEntry>
	<gml:dictionaryEntry>
		<gml:Definition gml:id="id5">
			<gml:description>その他自然地（原野・牧野、荒れ地、低湿地、河川敷・河原、海浜、湖岸）</gml:description>
			<gml:name>205</gml:name>
		</gml:Definition>
	</gml:dictionaryEntry>
	<gml:dictionaryEntry>
		<gml:Definition gml:id="id6">
			<gml:description>住宅用地（住宅、共同住宅、店舗等併用住宅、店舗等併用共同住宅、作業所併用住宅）</gml:description>
			<gml:name>211</gml:name>
		</gml:Definition>
	</gml:dictionaryEntry>
	<gml:dictionaryEntry>
		<gml:Definition gml:id="id7">
			<gml:description>商業用地</gml:description>
			<gml:name>212</gml:name>
		</gml:Definition>
	</gml:dictionaryEntry>
	<gml:dictionaryEntry>
		<gml:Definition gml:id="id8">
			<gml:description>工業用地</gml:description>
			<gml:name>213</gml:name>
		</gml:Definition>
	</gml:dictionaryEntry>
	<gml:dictionaryEntry>
		<gml:Definition gml:id="id9">
			<gml:description>農林漁業施設用地</gml:description>
			<gml:name>219</gml:name>
		</gml:Definition>
	</gml:dictionaryEntry>
	<gml:dictionaryEntry>
		<gml:Definition gml:id="id10">
			<gml:description>公益施設用地</gml:description>
			<gml:name>214</gml:name>
		</gml:Definition>
	</gml:dictionaryEntry>
	<gml:dictionaryEntry>
		<gml:Definition gml:id="id11">
			<gml:description>道路用地（道路、駅前広場）</gml:description>
			<gml:name>215</gml:name>
		</gml:Definition>
	</gml:dictionaryEntry>
	<gml:dictionaryEntry>
		<gml:Definition gml:id="id12">
			<gml:description>交通施設用地</gml:description>
			<gml:name>216</gml:name>
		</gml:Definition>
	</gml:dictionaryEntry>
	<gml:dictionaryEntry>
		<gml:Definition gml:id="id13">
			<gml:description>公共空地（公園・緑地、広場、運動場、墓園）</gml:description>
			<gml:name>217</gml:name>
		</gml:Definition>
	</gml:dictionaryEntry>
	<gml:dictionaryEntry>
		<gml:Definition gml:id="id14">
			<gml:description>その他公的施設用地（防衛施設用地）</gml:description>
			<gml:name>218</gml:name>
		</gml:Definition>
	</gml:dictionaryEntry>
	<gml:dictionaryEntry>
		<gml:Definition gml:id="id15">
			<gml:description>その他の空地①（ゴルフ場）</gml:description>
			<gml:name>220</gml:name>
		</gml:Definition>
	</gml:dictionaryEntry>
	<gml:dictionaryEntry>
		<gml:Definition gml:id="id16">
			<gml:description>その他空地②（太陽光発電のシステムを直接整備している土地）</gml:description>
			<gml:name>221</gml:name>
		</gml:Definition>
	</gml:dictionaryEntry>
	<gml:dictionaryEntry>
		<gml:Definition gml:id="id17">
			<gml:description>その他の空地③（平面駐車場）</gml:description>
			<gml:name>222</gml:name>
		</gml:Definition>
	</gml:dictionaryEntry>
	<gml:dictionaryEntry>
		<gml:Definition gml:id="id18">
			<gml:description>その他の空地④（その他の空地①～③以外の都市的土地利用：建物跡地、資源置場、改変工事中の土地、法面（道路、造成地等の主利用に含まれない法面））</gml:description>
			<gml:name>223</gml:name>
		</gml:Definition>
	</gml:dictionaryEntry>
	<gml:dictionaryEntry>
		<gml:Definition gml:id="id19">
			<gml:description>不明</gml:description>
			<gml:name>231</gml:name>
		</gml:Definition>
	</gml:dictionaryEntry>
	<gml:dictionaryEntry>
		<gml:Definition gml:id="id20">
			<gml:description>可住地</gml:description>
			<gml:name>251</gml:name>
		</gml:Definition>
	</gml:dictionaryEntry>
	<gml:dictionaryEntry>
		<gml:Definition gml:id="id21">
			<gml:description>非可住地</gml:description>
			<gml:name>252</gml:name>
		</gml:Definition>
	</gml:dictionaryEntry>
	<gml:dictionaryEntry>
		<gml:Definition gml:id="id60">
			<gml:description>農地</gml:description>
			<gml:name>260</gml:name>
		</gml:Definition>
	</gml:dictionaryEntry>
	<gml:dictionaryEntry>
		<gml:Definition gml:id="id61">
			<gml:description>宅地</gml:description>
			<gml:name>261</gml:name>
		</gml:Definition>
	</gml:dictionaryEntry>
	<gml:dictionaryEntry>
		<gml:Definition gml:id="id62">
			<gml:description>道路・鉄軌道敷</gml:description>
			<gml:name>262</gml:name>
		</gml:Definition>
	</gml:dictionaryEntry>
	<gml:dictionaryEntry>
		<gml:Definition gml:id="id63">
			<gml:description>空地</gml:description>
			<gml:name>263</gml:name>
		</gml:Definition>
	</gml:dictionaryEntry>
	<gml:dictionaryEntry>
		<gml:Definition gml:id="id22">
			<gml:description>畑</gml:description>
			<gml:name>2021</gml:name>
		</gml:Definition>
	</gml:dictionaryEntry>
	<gml:dictionaryEntry>
		<gml:Definition gml:id="id23">
			<gml:description>樹園地</gml:description>
			<gml:name>2022</gml:name>
		</gml:Definition>
	</gml:dictionaryEntry>
	<gml:dictionaryEntry>
		<gml:Definition gml:id="id24">
			<gml:description>採草地</gml:description>
			<gml:name>2023</gml:name>
		</gml:Definition>
	</gml:dictionaryEntry>
	<gml:dictionaryEntry>
		<gml:Definition gml:id="id25">
			<gml:description>養鶏（牛・豚）場</gml:description>
			<gml:name>2024</gml:name>
		</gml:Definition>
	</gml:dictionaryEntry>
	<gml:dictionaryEntry>
		<gml:Definition gml:id="id26">
			<gml:description>河川水面</gml:description>
			<gml:name>2041</gml:name>
		</gml:Definition>
	</gml:dictionaryEntry>
	<gml:dictionaryEntry>
		<gml:Definition gml:id="id27">
			<gml:description>湖沼</gml:description>
			<gml:name>2042</gml:name>
		</gml:Definition>
	</gml:dictionaryEntry>
	<gml:dictionaryEntry>
		<gml:Definition gml:id="id28">
			<gml:description>ため池</gml:description>
			<gml:name>2043</gml:name>
		</gml:Definition>
	</gml:dictionaryEntry>
	<gml:dictionaryEntry>
		<gml:Definition gml:id="id29">
			<gml:description>用水路</gml:description>
			<gml:name>2044</gml:name>
		</gml:Definition>
	</gml:dictionaryEntry>
	<gml:dictionaryEntry>
		<gml:Definition gml:id="id30">
			<gml:description>濠</gml:description>
			<gml:name>2045</gml:name>
		</gml:Definition>
	</gml:dictionaryEntry>
	<gml:dictionaryEntry>
		<gml:Definition gml:id="id31">
			<gml:description>運河水面</gml:description>
			<gml:name>2046</gml:name>
		</gml:Definition>
	</gml:dictionaryEntry>
	<gml:dictionaryEntry>
		<gml:Definition gml:id="id32">
			<gml:description>原野・牧野</gml:description>
			<gml:name>2051</gml:name>
		</gml:Definition>
	</gml:dictionaryEntry>
	<gml:dictionaryEntry>
		<gml:Definition gml:id="id33">
			<gml:description>荒れ地</gml:description>
			<gml:name>2052</gml:name>
		</gml:Definition>
	</gml:dictionaryEntry>
	<gml:dictionaryEntry>
		<gml:Definition gml:id="id34">
			<gml:description>低湿地</gml:description>
			<gml:name>2053</gml:name>
		</gml:Definition>
	</gml:dictionaryEntry>
	<gml:dictionaryEntry>
		<gml:Definition gml:id="id35">
			<gml:description>河川敷・河原</gml:description>
			<gml:name>2054</gml:name>
		</gml:Definition>
	</gml:dictionaryEntry>
	<gml:dictionaryEntry>
		<gml:Definition gml:id="id36">
			<gml:description>海浜</gml:description>
			<gml:name>2055</gml:name>
		</gml:Definition>
	</gml:dictionaryEntry>
	<gml:dictionaryEntry>
		<gml:Definition gml:id="id37">
			<gml:description>湖岸</gml:description>
			<gml:name>2056</gml:name>
		</gml:Definition>
	</gml:dictionaryEntry>
	<gml:dictionaryEntry>
		<gml:Definition gml:id="id38">
			<gml:description>住宅</gml:description>
			<gml:name>2111</gml:name>
		</gml:Definition>
	</gml:dictionaryEntry>
	<gml:dictionaryEntry>
		<gml:Definition gml:id="id39">
			<gml:description>共同住宅</gml:description>
			<gml:name>2112</gml:name>
		</gml:Definition>
	</gml:dictionaryEntry>
	<gml:dictionaryEntry>
		<gml:Definition gml:id="id40">
			<gml:description>店舗等併用住宅</gml:description>
			<gml:name>2113</gml:name>
		</gml:Definition>
	</gml:dictionaryEntry>
	<gml:dictionaryEntry>
		<gml:Definition gml:id="id41">
			<gml:description>店舗等併用共同住宅</gml:description>
			<gml:name>2114</gml:name>
		</gml:Definition>
	</gml:dictionaryEntry>
	<gml:dictionaryEntry>
		<gml:Definition gml:id="id42">
			<gml:description>作業所併用住宅</gml:description>
			<gml:name>2115</gml:name>
		</gml:Definition>
	</gml:dictionaryEntry>
	<gml:dictionaryEntry>
		<gml:Definition gml:id="id43">
			<gml:description>業務施設</gml:description>
			<gml:name>2121</gml:name>
		</gml:Definition>
	</gml:dictionaryEntry>
	<gml:dictionaryEntry>
		<gml:Definition gml:id="id44">
			<gml:description>商業施設</gml:description>
			<gml:name>2122</gml:name>
		</gml:Definition>
	</gml:dictionaryEntry>
	<gml:dictionaryEntry>
		<gml:Definition gml:id="id45">
			<gml:description>宿泊施設</gml:description>
			<gml:name>2123</gml:name>
		</gml:Definition>
	</gml:dictionaryEntry>
	<gml:dictionaryEntry>
		<gml:Definition gml:id="id46">
			<gml:description>商業系用途複合施設</gml:description>
			<gml:name>2124</gml:name>
		</gml:Definition>
	</gml:dictionaryEntry>
	<gml:dictionaryEntry>
		<gml:Definition gml:id="id47">
			<gml:description>官公庁施設</gml:description>
			<gml:name>2141</gml:name>
		</gml:Definition>
	</gml:dictionaryEntry>
	<gml:dictionaryEntry>
		<gml:Definition gml:id="id48">
			<gml:description>文教厚生施設</gml:description>
			<gml:name>2142</gml:name>
		</gml:Definition>
	</gml:dictionaryEntry>
	<gml:dictionaryEntry>
		<gml:Definition gml:id="id49">
			<gml:description>供給処理施設</gml:description>
			<gml:name>2143</gml:name>
		</gml:Definition>
	</gml:dictionaryEntry>
	<gml:dictionaryEntry>
		<gml:Definition gml:id="id50">
			<gml:description>道路</gml:description>
			<gml:name>2151</gml:name>
		</gml:Definition>
	</gml:dictionaryEntry>
	<gml:dictionaryEntry>
		<gml:Definition gml:id="id51">
			<gml:description>駅前広場</gml:description>
			<gml:name>2152</gml:name>
		</gml:Definition>
	</gml:dictionaryEntry>
	<gml:dictionaryEntry>
		<gml:Definition gml:id="id52">
			<gml:description>公園・緑地</gml:description>
			<gml:name>2171</gml:name>
		</gml:Definition>
	</gml:dictionaryEntry>
	<gml:dictionaryEntry>
		<gml:Definition gml:id="id53">
			<gml:description>広場</gml:description>
			<gml:name>2172</gml:name>
		</gml:Definition>
	</gml:dictionaryEntry>
	<gml:dictionaryEntry>
		<gml:Definition gml:id="id54">
			<gml:description>運動場</gml:description>
			<gml:name>2173</gml:name>
		</gml:Definition>
	</gml:dictionaryEntry>
	<gml:dictionaryEntry>
		<gml:Definition gml:id="id55">
			<gml:description>墓園</gml:description>
			<gml:name>2174</gml:name>
		</gml:Definition>
	</gml:dictionaryEntry>
	<gml:dictionaryEntry>
		<gml:Definition gml:id="id56">
			<gml:description>建物跡地</gml:description>
			<gml:name>2231</gml:name>
		</gml:Definition>
	</gml:dictionaryEntry>
	<gml:dictionaryEntry>
		<gml:Definition gml:id="id57">
			<gml:description>資材置き場</gml:description>
			<gml:name>2232</gml:name>
		</gml:Definition>
	</gml:dictionaryEntry>
	<gml:dictionaryEntry>
		<gml:Definition gml:id="id58">
			<gml:description>改変中の土地</gml:description>
			<gml:name>2233</gml:name>
		</gml:Definition>
	</gml:dictionaryEntry>
	<gml:dictionaryEntry>
		<gml:Definition gml:id="id59">
			<gml:description>法面（道路、造成地等の主利用に含まれない法面）</gml:description>
			<gml:name>2234</gml:name>
		</gml:Definition>
	</gml:dictionaryEntry>
</gml:Dictionary>
