<?xml version="1.0" encoding="UTF-8"?><gml:Dictionary xmlns:xsi="http://www.w3.org/2001/XMLSchema-instance" xmlns:gml="http://www.opengis.net/gml" xsi:schemaLocation="http://www.opengis.net/gml http://schemas.opengis.net/gml/3.1.1/profiles/SimpleDictionary/1.0.0/gmlSimpleDictionaryProfile.xsd" gml:id="cl_422970c4-8e10-11ec-b909-0242ac930970"> <gml:name>Common_districtDevelopmentPlanType</gml:name><gml:dictionaryEntry><gml:Definition gml:id="id1"><gml:description>地区整備計画</gml:description><gml:name>1</gml:name>  </gml:Definition> </gml:dictionaryEntry><gml:dictionaryEntry><gml:Definition gml:id="id2"><gml:description>特定建築物地区整備計画</gml:description><gml:name>2</gml:name>  </gml:Definition> </gml:dictionaryEntry><gml:dictionaryEntry><gml:Definition gml:id="id3"><gml:description>防災街区整備地区整備計画</gml:description><gml:name>3</gml:name>  </gml:Definition> </gml:dictionaryEntry><gml:dictionaryEntry><gml:Definition gml:id="id4"><gml:description>沿道地区整備計画</gml:description><gml:name>4</gml:name>  </gml:Definition> </gml:dictionaryEntry><gml:dictionaryEntry><gml:Definition gml:id="id5"><gml:description>集落地区整備計画</gml:description><gml:name>5</gml:name>  </gml:Definition> </gml:dictionaryEntry><gml:dictionaryEntry><gml:Definition gml:id="id6"><gml:description>歴史的風致維持向上地区整備計画</gml:description><gml:name>6</gml:name>  </gml:Definition> </gml:dictionaryEntry></gml:Dictionary>
