<?xml version="1.0" encoding="UTF-8"?><gml:Dictionary xmlns:xsi="http://www.w3.org/2001/XMLSchema-instance" xmlns:gml="http://www.opengis.net/gml" xsi:schemaLocation="http://www.opengis.net/gml http://schemas.opengis.net/gml/3.1.1/profiles/SimpleDictionary/1.0.0/gmlSimpleDictionaryProfile.xsd" gml:id="cl_422970c4-8e10-11ec-b909-0242ac930930"> <gml:name>Common_districtPlanType</gml:name><gml:dictionaryEntry><gml:Definition gml:id="id1"><gml:description>地区計画</gml:description><gml:name>1</gml:name>  </gml:Definition> </gml:dictionaryEntry><gml:dictionaryEntry><gml:Definition gml:id="id2"><gml:description>再開発等促進区を定める地区計画</gml:description><gml:name>2</gml:name>  </gml:Definition> </gml:dictionaryEntry><gml:dictionaryEntry><gml:Definition gml:id="id3"><gml:description>開発整備促進区を定める地区計画</gml:description><gml:name>3</gml:name>  </gml:Definition> </gml:dictionaryEntry><gml:dictionaryEntry><gml:Definition gml:id="id4"><gml:description>地区計画（誘導容積型）</gml:description><gml:name>4</gml:name>  </gml:Definition> </gml:dictionaryEntry><gml:dictionaryEntry><gml:Definition gml:id="id5"><gml:description>地区計画（容積適正配分型）</gml:description><gml:name>5</gml:name>  </gml:Definition> </gml:dictionaryEntry><gml:dictionaryEntry><gml:Definition gml:id="id6"><gml:description>地区計画（高度利用型）</gml:description><gml:name>6</gml:name>  </gml:Definition> </gml:dictionaryEntry><gml:dictionaryEntry><gml:Definition gml:id="id7"><gml:description>地区計画（用途別容積型）</gml:description><gml:name>7</gml:name>  </gml:Definition> </gml:dictionaryEntry><gml:dictionaryEntry><gml:Definition gml:id="id8"><gml:description>地区計画（街並み誘導型）</gml:description><gml:name>8</gml:name>  </gml:Definition> </gml:dictionaryEntry><gml:dictionaryEntry><gml:Definition gml:id="id9"><gml:description>地区計画（立体道路制度）</gml:description><gml:name>9</gml:name>  </gml:Definition> </gml:dictionaryEntry><gml:dictionaryEntry><gml:Definition gml:id="id10"><gml:description>防災街区整備地区計画</gml:description><gml:name>10</gml:name>  </gml:Definition> </gml:dictionaryEntry><gml:dictionaryEntry><gml:Definition gml:id="id11"><gml:description>歴史的風致維持向上地区計画</gml:description><gml:name>11</gml:name>  </gml:Definition> </gml:dictionaryEntry><gml:dictionaryEntry><gml:Definition gml:id="id12"><gml:description>沿道地区計画</gml:description><gml:name>12</gml:name>  </gml:Definition> </gml:dictionaryEntry><gml:dictionaryEntry><gml:Definition gml:id="id13"><gml:description>沿道再開発等促進区を定める沿道地区計画</gml:description><gml:name>13</gml:name>  </gml:Definition> </gml:dictionaryEntry><gml:dictionaryEntry><gml:Definition gml:id="id14"><gml:description>集落地区計画</gml:description><gml:name>14</gml:name>  </gml:Definition> </gml:dictionaryEntry></gml:Dictionary>
