<?xml version="1.0" encoding="UTF-8"?>
<gml:Dictionary xmlns:xsi="http://www.w3.org/2001/XMLSchema-instance" xmlns:gml="http://www.opengis.net/gml" xsi:schemaLocation="http://www.opengis.net/gml http://schemas.opengis.net/gml/3.1.1/profiles/SimpleDictionary/1.0.0/gmlSimpleDictionaryProfile.xsd" gml:id="LandUse_function"><gml:name>LandUse_function</gml:name>
<gml:dictionaryEntry><gml:Definition gml:id="id1"><gml:description>Residential</gml:description><gml:name>1010</gml:name></gml:Definition></gml:dictionaryEntry>
<gml:dictionaryEntry><gml:Definition gml:id="id2"><gml:description>Industry and business</gml:description><gml:name>1020</gml:name></gml:Definition></gml:dictionaryEntry>
<gml:dictionaryEntry><gml:Definition gml:id="id3"><gml:description>MixedUse</gml:description><gml:name>1030</gml:name></gml:Definition></gml:dictionaryEntry>
<gml:dictionaryEntry><gml:Definition gml:id="id4"><gml:description>Special Function Area</gml:description><gml:name>1040</gml:name></gml:Definition></gml:dictionaryEntry>
<gml:dictionaryEntry><gml:Definition gml:id="id5"><gml:description>Monument</gml:description><gml:name>1050</gml:name></gml:Definition></gml:dictionaryEntry>
<gml:dictionaryEntry><gml:Definition gml:id="id6"><gml:description>Dump</gml:description><gml:name>1060</gml:name></gml:Definition></gml:dictionaryEntry>
<gml:dictionaryEntry><gml:Definition gml:id="id7"><gml:description>Mining</gml:description><gml:name>1070</gml:name></gml:Definition></gml:dictionaryEntry>
<gml:dictionaryEntry><gml:Definition gml:id="id8"><gml:description>Park</gml:description><gml:name>1100</gml:name></gml:Definition></gml:dictionaryEntry>
<gml:dictionaryEntry><gml:Definition gml:id="id9"><gml:description>Cemetary</gml:description><gml:name>1120</gml:name></gml:Definition></gml:dictionaryEntry>
<gml:dictionaryEntry><gml:Definition gml:id="id10"><gml:description>Sports, leisure and recreation</gml:description><gml:name>1130</gml:name></gml:Definition></gml:dictionaryEntry>
<gml:dictionaryEntry><gml:Definition gml:id="id11"><gml:description>Open pit, quarry</gml:description><gml:name>1140</gml:name></gml:Definition></gml:dictionaryEntry>
<gml:dictionaryEntry><gml:Definition gml:id="id12"><gml:description>Road</gml:description><gml:name>2010</gml:name></gml:Definition></gml:dictionaryEntry>
<gml:dictionaryEntry><gml:Definition gml:id="id13"><gml:description>Railway</gml:description><gml:name>2020</gml:name></gml:Definition></gml:dictionaryEntry>
<gml:dictionaryEntry><gml:Definition gml:id="id14"><gml:description>Airfield</gml:description><gml:name>2030</gml:name></gml:Definition></gml:dictionaryEntry>
<gml:dictionaryEntry><gml:Definition gml:id="id15"><gml:description>Shipping</gml:description><gml:name>2040</gml:name></gml:Definition></gml:dictionaryEntry>
<gml:dictionaryEntry><gml:Definition gml:id="id16"><gml:description>Track</gml:description><gml:name>2050</gml:name></gml:Definition></gml:dictionaryEntry>
<gml:dictionaryEntry><gml:Definition gml:id="id17"><gml:description>Square</gml:description><gml:name>2060</gml:name></gml:Definition></gml:dictionaryEntry>
<gml:dictionaryEntry><gml:Definition gml:id="id18"><gml:description>Grassland</gml:description><gml:name>3010</gml:name></gml:Definition></gml:dictionaryEntry>
<gml:dictionaryEntry><gml:Definition gml:id="id19"><gml:description>Agriculure</gml:description><gml:name>3020</gml:name></gml:Definition></gml:dictionaryEntry>
<gml:dictionaryEntry><gml:Definition gml:id="id20"><gml:description>Forest</gml:description><gml:name>3030</gml:name></gml:Definition></gml:dictionaryEntry>
<gml:dictionaryEntry><gml:Definition gml:id="id21"><gml:description>Grove</gml:description><gml:name>3040</gml:name></gml:Definition></gml:dictionaryEntry>
<gml:dictionaryEntry><gml:Definition gml:id="id22"><gml:description>heath</gml:description><gml:name>3050</gml:name></gml:Definition></gml:dictionaryEntry>
<gml:dictionaryEntry><gml:Definition gml:id="id23"><gml:description>Moor</gml:description><gml:name>3060</gml:name></gml:Definition></gml:dictionaryEntry>
<gml:dictionaryEntry><gml:Definition gml:id="id24"><gml:description>Marsh</gml:description><gml:name>3070</gml:name></gml:Definition></gml:dictionaryEntry>
<gml:dictionaryEntry><gml:Definition gml:id="id25"><gml:description>Untilled land</gml:description><gml:name>3080</gml:name></gml:Definition></gml:dictionaryEntry>
<gml:dictionaryEntry><gml:Definition gml:id="id26"><gml:description>River</gml:description><gml:name>4010</gml:name></gml:Definition></gml:dictionaryEntry>
<gml:dictionaryEntry><gml:Definition gml:id="id27"><gml:description>Standing Waterbody</gml:description><gml:name>4020</gml:name></gml:Definition></gml:dictionaryEntry>
<gml:dictionaryEntry><gml:Definition gml:id="id28"><gml:description>Harbour</gml:description><gml:name>4030</gml:name></gml:Definition></gml:dictionaryEntry>
<gml:dictionaryEntry><gml:Definition gml:id="id29"><gml:description>Sea</gml:description><gml:name>4040</gml:name></gml:Definition></gml:dictionaryEntry>
<gml:dictionaryEntry><gml:Definition gml:id="id30"><gml:description>Industry</gml:description><gml:name>5010</gml:name></gml:Definition></gml:dictionaryEntry>
<gml:dictionaryEntry><gml:Definition gml:id="id31"><gml:description>Business (retail)</gml:description><gml:name>5020</gml:name></gml:Definition></gml:dictionaryEntry>
<gml:dictionaryEntry><gml:Definition gml:id="id32"><gml:description>Business (other)</gml:description><gml:name>5030</gml:name></gml:Definition></gml:dictionaryEntry>
<gml:dictionaryEntry><gml:Definition gml:id="id33"><gml:description>Water</gml:description><gml:name>5040</gml:name></gml:Definition></gml:dictionaryEntry>
<gml:dictionaryEntry><gml:Definition gml:id="id34"><gml:description>Natural area 1</gml:description><gml:name>5050</gml:name></gml:Definition></gml:dictionaryEntry>
<gml:dictionaryEntry><gml:Definition gml:id="id35"><gml:description>Natural area 2</gml:description><gml:name>5060</gml:name></gml:Definition></gml:dictionaryEntry>
<gml:dictionaryEntry><gml:Definition gml:id="id36"><gml:description>Communal facilities</gml:description><gml:name>5070</gml:name></gml:Definition></gml:dictionaryEntry>
<gml:dictionaryEntry><gml:Definition gml:id="id37"><gml:description>Rice paddy</gml:description><gml:name>5080</gml:name></gml:Definition></gml:dictionaryEntry>
<gml:dictionaryEntry><gml:Definition gml:id="id38"><gml:description>Field</gml:description><gml:name>5090</gml:name></gml:Definition></gml:dictionaryEntry>
<gml:dictionaryEntry><gml:Definition gml:id="id39"><gml:description>Transportation</gml:description><gml:name>5100</gml:name></gml:Definition></gml:dictionaryEntry>
<gml:dictionaryEntry><gml:Definition gml:id="id40"><gml:description>Public land</gml:description><gml:name>5110</gml:name></gml:Definition></gml:dictionaryEntry>
<gml:dictionaryEntry><gml:Definition gml:id="id41"><gml:description>Public open space 1</gml:description><gml:name>5120</gml:name></gml:Definition></gml:dictionaryEntry>
<gml:dictionaryEntry><gml:Definition gml:id="id42"><gml:description>Public open space 2</gml:description><gml:name>5130</gml:name></gml:Definition></gml:dictionaryEntry>
<gml:dictionaryEntry><gml:Definition gml:id="id43"><gml:description>Other communal facilities</gml:description><gml:name>5140</gml:name></gml:Definition></gml:dictionaryEntry>
<gml:dictionaryEntry><gml:Definition gml:id="id44"><gml:description>Other open space</gml:description><gml:name>5150</gml:name></gml:Definition></gml:dictionaryEntry>
<gml:dictionaryEntry><gml:Definition gml:id="id45"><gml:description>Residential not in use</gml:description><gml:name>5160</gml:name></gml:Definition></gml:dictionaryEntry>
<gml:dictionaryEntry><gml:Definition gml:id="id46"><gml:description>Agriculture, Forestry and Fisheries</gml:description><gml:name>5170</gml:name></gml:Definition></gml:dictionaryEntry>
<gml:dictionaryEntry><gml:Definition gml:id="id47"><gml:description>Unexamined</gml:description><gml:name>9000</gml:name></gml:Definition></gml:dictionaryEntry>
<gml:dictionaryEntry><gml:Definition gml:id="id48"><gml:description>Exception</gml:description><gml:name>9010</gml:name></gml:Definition></gml:dictionaryEntry>
<gml:dictionaryEntry><gml:Definition gml:id="id49"><gml:description>Unknown</gml:description><gml:name>9020</gml:name></gml:Definition></gml:dictionaryEntry>
</gml:Dictionary>
