﻿<?xml version="1.0" encoding="UTF-8"?>
<gml:Dictionary xmlns:xsi="http://www.w3.org/2001/XMLSchema-instance" xmlns:gml="http://www.opengis.net/gml" xsi:schemaLocation="http://www.opengis.net/gml http://schemas.opengis.net/gml/3.1.1/profiles/SimpleDictionary/1.0.0/gmlSimpleDictionaryProfile.xsd" gml:id="LandUseDiversion_class"><gml:name>LandUseDiversion_class</gml:name>
<gml:dictionaryEntry><gml:Definition gml:id="id1"><gml:description>conversion of agricultural land</gml:description><gml:name>1010</gml:name></gml:Definition></gml:dictionaryEntry>
<gml:dictionaryEntry><gml:Definition gml:id="id2"><gml:description>conversion of forestry</gml:description><gml:name>1020</gml:name></gml:Definition></gml:dictionaryEntry>
<gml:dictionaryEntry><gml:Definition gml:id="id3"><gml:description>new building</gml:description><gml:name>1030</gml:name></gml:Definition></gml:dictionaryEntry>
</gml:Dictionary>
