<?xml version="1.0" encoding="UTF-8"?>
<gml:Dictionary xmlns:xsi="http://www.w3.org/2001/XMLSchema-instance" xmlns:gml="http://www.opengis.net/gml" xsi:schemaLocation="http://www.opengis.net/gml http://schemas.opengis.net/gml/3.1.1/profiles/SimpleDictionary/1.0.0/gmlSimpleDictionaryProfile.xsd" gml:id="PopulationByAgeAndSexType_age">
	<gml:name>PopulationByAgeAndSexType_age</gml:name>
	<gml:dictionaryEntry>
		<gml:Definition gml:id="id1">
			<gml:description>0-4/male</gml:description>
			<gml:name>1010</gml:name>
		</gml:Definition>
	</gml:dictionaryEntry>
	<gml:dictionaryEntry>
		<gml:Definition gml:id="id2">
			<gml:description>5-9/male</gml:description>
			<gml:name>1020</gml:name>
		</gml:Definition>
	</gml:dictionaryEntry>
	<gml:dictionaryEntry>
		<gml:Definition gml:id="id3">
			<gml:description>10-14/male</gml:description>
			<gml:name>1030</gml:name>
		</gml:Definition>
	</gml:dictionaryEntry>
	<gml:dictionaryEntry>
		<gml:Definition gml:id="id4">
			<gml:description>15-19/male</gml:description>
			<gml:name>1040</gml:name>
		</gml:Definition>
	</gml:dictionaryEntry>
	<gml:dictionaryEntry>
		<gml:Definition gml:id="id5">
			<gml:description>20-24/male</gml:description>
			<gml:name>1050</gml:name>
		</gml:Definition>
	</gml:dictionaryEntry>
	<gml:dictionaryEntry>
		<gml:Definition gml:id="id6">
			<gml:description>25-29/male</gml:description>
			<gml:name>1060</gml:name>
		</gml:Definition>
	</gml:dictionaryEntry>
	<gml:dictionaryEntry>
		<gml:Definition gml:id="id7">
			<gml:description>30-34/male</gml:description>
			<gml:name>1070</gml:name>
		</gml:Definition>
	</gml:dictionaryEntry>
	<gml:dictionaryEntry>
		<gml:Definition gml:id="id8">
			<gml:description>35-39/male</gml:description>
			<gml:name>1080</gml:name>
		</gml:Definition>
	</gml:dictionaryEntry>
	<gml:dictionaryEntry>
		<gml:Definition gml:id="id9">
			<gml:description>40-44/male</gml:description>
			<gml:name>1090</gml:name>
		</gml:Definition>
	</gml:dictionaryEntry>
	<gml:dictionaryEntry>
		<gml:Definition gml:id="id10">
			<gml:description>45-49/male</gml:description>
			<gml:name>1100</gml:name>
		</gml:Definition>
	</gml:dictionaryEntry>
	<gml:dictionaryEntry>
		<gml:Definition gml:id="id11">
			<gml:description>50-54/male</gml:description>
			<gml:name>1110</gml:name>
		</gml:Definition>
	</gml:dictionaryEntry>
	<gml:dictionaryEntry>
		<gml:Definition gml:id="id12">
			<gml:description>55-59/male</gml:description>
			<gml:name>1120</gml:name>
		</gml:Definition>
	</gml:dictionaryEntry>
	<gml:dictionaryEntry>
		<gml:Definition gml:id="id13">
			<gml:description>60-64/male</gml:description>
			<gml:name>1130</gml:name>
		</gml:Definition>
	</gml:dictionaryEntry>
	<gml:dictionaryEntry>
		<gml:Definition gml:id="id14">
			<gml:description>65-69/male</gml:description>
			<gml:name>1140</gml:name>
		</gml:Definition>
	</gml:dictionaryEntry>
	<gml:dictionaryEntry>
		<gml:Definition gml:id="id15">
			<gml:description>70-74/male</gml:description>
			<gml:name>1150</gml:name>
		</gml:Definition>
	</gml:dictionaryEntry>
	<gml:dictionaryEntry>
		<gml:Definition gml:id="id16">
			<gml:description>75-79/male</gml:description>
			<gml:name>1160</gml:name>
		</gml:Definition>
	</gml:dictionaryEntry>
	<gml:dictionaryEntry>
		<gml:Definition gml:id="id17">
			<gml:description>80-84/male</gml:description>
			<gml:name>1170</gml:name>
		</gml:Definition>
	</gml:dictionaryEntry>
	<gml:dictionaryEntry>
		<gml:Definition gml:id="id18">
			<gml:description>85-89/male</gml:description>
			<gml:name>1180</gml:name>
		</gml:Definition>
	</gml:dictionaryEntry>
	<gml:dictionaryEntry>
		<gml:Definition gml:id="id19">
			<gml:description>90-94/male</gml:description>
			<gml:name>1190</gml:name>
		</gml:Definition>
	</gml:dictionaryEntry>
	<gml:dictionaryEntry>
		<gml:Definition gml:id="id20">
			<gml:description>95-99/male</gml:description>
			<gml:name>1200</gml:name>
		</gml:Definition>
	</gml:dictionaryEntry>
	<gml:dictionaryEntry>
		<gml:Definition gml:id="id21">
			<gml:description>100-/male</gml:description>
			<gml:name>1210</gml:name>
		</gml:Definition>
	</gml:dictionaryEntry>
		<gml:dictionaryEntry>
		<gml:Definition gml:id="id31">
			<gml:description>0-4/female</gml:description>
			<gml:name>2010</gml:name>
		</gml:Definition>
	</gml:dictionaryEntry>
	<gml:dictionaryEntry>
		<gml:Definition gml:id="id32">
			<gml:description>5-9/female</gml:description>
			<gml:name>2020</gml:name>
		</gml:Definition>
	</gml:dictionaryEntry>
	<gml:dictionaryEntry>
		<gml:Definition gml:id="id33">
			<gml:description>10-14/female</gml:description>
			<gml:name>2030</gml:name>
		</gml:Definition>
	</gml:dictionaryEntry>
	<gml:dictionaryEntry>
		<gml:Definition gml:id="id34">
			<gml:description>15-19/female</gml:description>
			<gml:name>2040</gml:name>
		</gml:Definition>
	</gml:dictionaryEntry>
	<gml:dictionaryEntry>
		<gml:Definition gml:id="id35">
			<gml:description>20-24/female</gml:description>
			<gml:name>2050</gml:name>
		</gml:Definition>
	</gml:dictionaryEntry>
	<gml:dictionaryEntry>
		<gml:Definition gml:id="id36">
			<gml:description>25-29/female</gml:description>
			<gml:name>2060</gml:name>
		</gml:Definition>
	</gml:dictionaryEntry>
	<gml:dictionaryEntry>
		<gml:Definition gml:id="id37">
			<gml:description>30-34/female</gml:description>
			<gml:name>2070</gml:name>
		</gml:Definition>
	</gml:dictionaryEntry>
	<gml:dictionaryEntry>
		<gml:Definition gml:id="id38">
			<gml:description>35-39/female</gml:description>
			<gml:name>2080</gml:name>
		</gml:Definition>
	</gml:dictionaryEntry>
	<gml:dictionaryEntry>
		<gml:Definition gml:id="id39">
			<gml:description>40-44/female</gml:description>
			<gml:name>2090</gml:name>
		</gml:Definition>
	</gml:dictionaryEntry>
	<gml:dictionaryEntry>
		<gml:Definition gml:id="id40">
			<gml:description>45-49/female</gml:description>
			<gml:name>2100</gml:name>
		</gml:Definition>
	</gml:dictionaryEntry>
	<gml:dictionaryEntry>
		<gml:Definition gml:id="id41">
			<gml:description>50-54/female</gml:description>
			<gml:name>2110</gml:name>
		</gml:Definition>
	</gml:dictionaryEntry>
	<gml:dictionaryEntry>
		<gml:Definition gml:id="id42">
			<gml:description>55-59/female</gml:description>
			<gml:name>2120</gml:name>
		</gml:Definition>
	</gml:dictionaryEntry>
	<gml:dictionaryEntry>
		<gml:Definition gml:id="id43">
			<gml:description>60-64/female</gml:description>
			<gml:name>2130</gml:name>
		</gml:Definition>
	</gml:dictionaryEntry>
	<gml:dictionaryEntry>
		<gml:Definition gml:id="id44">
			<gml:description>65-69/female</gml:description>
			<gml:name>2140</gml:name>
		</gml:Definition>
	</gml:dictionaryEntry>
	<gml:dictionaryEntry>
		<gml:Definition gml:id="id45">
			<gml:description>70-74/female</gml:description>
			<gml:name>2150</gml:name>
		</gml:Definition>
	</gml:dictionaryEntry>
	<gml:dictionaryEntry>
		<gml:Definition gml:id="id46">
			<gml:description>75-79/female</gml:description>
			<gml:name>2160</gml:name>
		</gml:Definition>
	</gml:dictionaryEntry>
	<gml:dictionaryEntry>
		<gml:Definition gml:id="id47">
			<gml:description>80-84/female</gml:description>
			<gml:name>2170</gml:name>
		</gml:Definition>
	</gml:dictionaryEntry>
	<gml:dictionaryEntry>
		<gml:Definition gml:id="id48">
			<gml:description>85-89/female</gml:description>
			<gml:name>2180</gml:name>
		</gml:Definition>
	</gml:dictionaryEntry>
	<gml:dictionaryEntry>
		<gml:Definition gml:id="id49">
			<gml:description>90-94/female</gml:description>
			<gml:name>2190</gml:name>
		</gml:Definition>
	</gml:dictionaryEntry>
	<gml:dictionaryEntry>
		<gml:Definition gml:id="id50">
			<gml:description>95-99/female</gml:description>
			<gml:name>2200</gml:name>
		</gml:Definition>
	</gml:dictionaryEntry>
	<gml:dictionaryEntry>
		<gml:Definition gml:id="id51">
			<gml:description>100-/female</gml:description>
			<gml:name>2210</gml:name>
		</gml:Definition>
	</gml:dictionaryEntry>
</gml:Dictionary>
