﻿<?xml version="1.0" encoding="UTF-8"?>
<gml:Dictionary xmlns:xsi="http://www.w3.org/2001/XMLSchema-instance" xmlns:gml="http://www.opengis.net/gml" xsi:schemaLocation="http://www.opengis.net/gml http://schemas.opengis.net/gml/3.1.1/profiles/SimpleDictionary/1.0.0/gmlSimpleDictionaryProfile.xsd" gml:id="Recreations_function"><gml:name>Recreations_function</gml:name>
<gml:dictionaryEntry><gml:Definition gml:id="id1"><gml:description>野球場</gml:description><gml:name>1010</gml:name>
  </gml:Definition>
 </gml:dictionaryEntry>
<gml:dictionaryEntry><gml:Definition gml:id="id2"><gml:description>陸上競技場</gml:description><gml:name>1020</gml:name>
  </gml:Definition>
 </gml:dictionaryEntry>
<gml:dictionaryEntry><gml:Definition gml:id="id3"><gml:description>サッカー場・ラグビー場</gml:description><gml:name>1030</gml:name>
  </gml:Definition>
 </gml:dictionaryEntry>
<gml:dictionaryEntry><gml:Definition gml:id="id4"><gml:description>テニスコート</gml:description><gml:name>1040</gml:name>
  </gml:Definition>
 </gml:dictionaryEntry>
<gml:dictionaryEntry><gml:Definition gml:id="id5"><gml:description>ゴルフコース</gml:description><gml:name>1050</gml:name>
  </gml:Definition>
 </gml:dictionaryEntry>
<gml:dictionaryEntry><gml:Definition gml:id="id6"><gml:description>水泳プール</gml:description><gml:name>1060</gml:name>
  </gml:Definition>
 </gml:dictionaryEntry>
<gml:dictionaryEntry><gml:Definition gml:id="id7"><gml:description>その他スポーツ施設</gml:description><gml:name>1070</gml:name>
  </gml:Definition>
 </gml:dictionaryEntry>
<gml:dictionaryEntry><gml:Definition gml:id="id8"><gml:description>ボート場</gml:description><gml:name>1080</gml:name>
  </gml:Definition>
 </gml:dictionaryEntry>
<gml:dictionaryEntry><gml:Definition gml:id="id9"><gml:description>ヨットハーバー</gml:description><gml:name>1090</gml:name>
  </gml:Definition>
 </gml:dictionaryEntry>
<gml:dictionaryEntry><gml:Definition gml:id="id10"><gml:description>海水浴場・潮干狩</gml:description><gml:name>1100</gml:name>
  </gml:Definition>
 </gml:dictionaryEntry>
<gml:dictionaryEntry><gml:Definition gml:id="id11"><gml:description>遊園地</gml:description><gml:name>1110</gml:name>
  </gml:Definition>
 </gml:dictionaryEntry>
<gml:dictionaryEntry><gml:Definition gml:id="id12"><gml:description>動物園</gml:description><gml:name>1120</gml:name>
  </gml:Definition>
 </gml:dictionaryEntry>
<gml:dictionaryEntry><gml:Definition gml:id="id13"><gml:description>植物園</gml:description><gml:name>1130</gml:name>
  </gml:Definition>
 </gml:dictionaryEntry>
<gml:dictionaryEntry><gml:Definition gml:id="id14"><gml:description>競輪・競馬場</gml:description><gml:name>1140</gml:name>
  </gml:Definition>
 </gml:dictionaryEntry>
<gml:dictionaryEntry><gml:Definition gml:id="id15"><gml:description>観光有料道路</gml:description><gml:name>1150</gml:name>
  </gml:Definition>
 </gml:dictionaryEntry>
<gml:dictionaryEntry><gml:Definition gml:id="id16"><gml:description>サイクリングコース</gml:description><gml:name>1160</gml:name>
  </gml:Definition>
 </gml:dictionaryEntry>
<gml:dictionaryEntry><gml:Definition gml:id="id17"><gml:description>ハイキング・登山コース</gml:description><gml:name>1170</gml:name>
  </gml:Definition>
 </gml:dictionaryEntry>
<gml:dictionaryEntry><gml:Definition gml:id="id18"><gml:description>自然歩道</gml:description><gml:name>1180</gml:name>
  </gml:Definition>
 </gml:dictionaryEntry>
<gml:dictionaryEntry><gml:Definition gml:id="id19"><gml:description>キャンプ場</gml:description><gml:name>1190</gml:name>
  </gml:Definition>
 </gml:dictionaryEntry>
<gml:dictionaryEntry><gml:Definition gml:id="id20"><gml:description>その他</gml:description><gml:name>1200</gml:name>
  </gml:Definition>
 </gml:dictionaryEntry>

</gml:Dictionary>
