<?xml version="1.0" encoding="UTF-8"?>
<gml:Dictionary xmlns:xsi="http://www.w3.org/2001/XMLSchema-instance" xmlns:gml="http://www.opengis.net/gml" xsi:schemaLocation="http://www.opengis.net/gml http://schemas.opengis.net/gml/3.1.1/profiles/SimpleDictionary/1.0.0/gmlSimpleDictionaryProfile.xsd" gml:id="cl_6292123c-801c-11ec-a8a3-0243ac120002">
	<!-- updated on 2022-04-28 -->
	<gml:name>Road_usage</gml:name>
<gml:dictionaryEntry>
  <gml:Definition gml:id="id1">
   <gml:description>緊急輸送道路（第一次緊急輸送道路）</gml:description>
   <gml:name>1</gml:name>
  </gml:Definition>
 </gml:dictionaryEntry>
<gml:dictionaryEntry>
  <gml:Definition gml:id="id2">
   <gml:description>緊急輸送道路（第二次緊急輸送道路）</gml:description>
   <gml:name>2</gml:name>
  </gml:Definition>
 </gml:dictionaryEntry>
<gml:dictionaryEntry>
  <gml:Definition gml:id="id3">
   <gml:description>緊急輸送道路（第三次緊急輸送道路）</gml:description>
   <gml:name>3</gml:name>
  </gml:Definition>
 </gml:dictionaryEntry>
<gml:dictionaryEntry>
  <gml:Definition gml:id="id4">
   <gml:description>緊急輸送道路（未指定）</gml:description>
   <gml:name>4</gml:name>
  </gml:Definition>
 </gml:dictionaryEntry>
<gml:dictionaryEntry>
  <gml:Definition gml:id="id5">
   <gml:description>避難路／避難道路</gml:description>
   <gml:name>5</gml:name>
  </gml:Definition>
 </gml:dictionaryEntry>
</gml:Dictionary>
