<?xml version="1.0" encoding="UTF-8"?>
<gml:Dictionary xmlns:xsi="http://www.w3.org/2001/XMLSchema-instance" xmlns:gml="http://www.opengis.net/gml" xsi:schemaLocation="http://www.opengis.net/gml http://schemas.opengis.net/gml/3.1.1/profiles/SimpleDictionary/1.0.0/gmlSimpleDictionaryProfile.xsd" gml:id="cl_6292124c-801c-11ec-a8a3-0243ac120002">
	<gml:name>TrafficArea_function</gml:name>
<gml:dictionaryEntry>
  <gml:Definition gml:id="id1">
   <gml:description>車道部</gml:description>
   <gml:name>1000</gml:name>
  </gml:Definition>
 </gml:dictionaryEntry>
<gml:dictionaryEntry>
  <gml:Definition gml:id="id2">
   <gml:description>車線</gml:description>
   <gml:name>1010</gml:name>
  </gml:Definition>
 </gml:dictionaryEntry>
<gml:dictionaryEntry>
  <gml:Definition gml:id="id3">
   <gml:description>車道交差部</gml:description>
   <gml:name>1020</gml:name>
  </gml:Definition>
 </gml:dictionaryEntry>
<gml:dictionaryEntry>
  <gml:Definition gml:id="id4">
   <gml:description>すりつけ区間</gml:description>
   <gml:name>1030</gml:name>
  </gml:Definition>
 </gml:dictionaryEntry>
<gml:dictionaryEntry>
  <gml:Definition gml:id="id5">
   <gml:description>踏切道</gml:description>
   <gml:name>1040</gml:name>
  </gml:Definition>
 </gml:dictionaryEntry>
<gml:dictionaryEntry>
  <gml:Definition gml:id="id6">
   <gml:description>軌道敷</gml:description>
   <gml:name>1050</gml:name>
  </gml:Definition>
 </gml:dictionaryEntry>
<gml:dictionaryEntry>
 <gml:Definition gml:id="id14">
   <gml:description>副道</gml:description>
   <gml:name>1130</gml:name>
  </gml:Definition>
 </gml:dictionaryEntry>
<gml:dictionaryEntry>
  <gml:Definition gml:id="id15">
   <gml:description>歩道部</gml:description>
   <gml:name>2000</gml:name>
  </gml:Definition>
 </gml:dictionaryEntry>
<gml:dictionaryEntry>
  <gml:Definition gml:id="id16">
   <gml:description>自転車歩行者道</gml:description>
   <gml:name>2010</gml:name>
  </gml:Definition>
 </gml:dictionaryEntry>
<gml:dictionaryEntry>
  <gml:Definition gml:id="id17">
   <gml:description>歩道</gml:description>
   <gml:name>2020</gml:name>
  </gml:Definition>
 </gml:dictionaryEntry>
<gml:dictionaryEntry>
  <gml:Definition gml:id="id18">
   <gml:description>自転車道</gml:description>
   <gml:name>2030</gml:name>
  </gml:Definition>
 </gml:dictionaryEntry>
<gml:dictionaryEntry>
  <gml:Definition gml:id="id19">
   <gml:description>自転車駐車場</gml:description>
   <gml:name>6000</gml:name>
  </gml:Definition>
 </gml:dictionaryEntry>
<gml:dictionaryEntry>
  <gml:Definition gml:id="id20">
   <gml:description>自動車駐車場</gml:description>
   <gml:name>7000</gml:name>
  </gml:Definition>
 </gml:dictionaryEntry>
</gml:Dictionary>
