<?xml version="1.0" encoding="utf-8"?>
<ACME xmlns:xsi="http://www.w3.org/2001/XMLSchema-instance" xmlns:xsd="http://www.w3.org/2001/XMLSchema">
  <Language>default</Language>
  <WhatsNewVersion>0.0</WhatsNewVersion>
  <DetailedLogging>false</DetailedLogging>
  <BuildingCollision>false</BuildingCollision>
  <NetworkCollision>false</NetworkCollision>
  <PropCollision>false</PropCollision>
  <TreeCollision>false</TreeCollision>
  <WaterBobbing>false</WaterBobbing>
  <GroundClearance>0.199999809</GroundClearance>
  <FollowDisasters>true</FollowDisasters>
  <NearClip>1</NearClip>
  <SpeedMultiplier>15</SpeedMultiplier>
  <ZoomToCursor>true</ZoomToCursor>
  <DisableFollowRotation>false</DisableFollowRotation>
  <MinShadowDistance>400</MinShadowDistance>
  <MaxShadowDistance>4000</MaxShadowDistance>
  <FPSAbsUp KeyCode="280" />
  <FPSAbsDown KeyCode="281" />
  <FPSAbsForward KeyCode="273" />
  <FPSAbsBack KeyCode="274" />
  <FPSAbsLeft KeyCode="276" />
  <FPSAbsRight KeyCode="275" />
  <FPSRelForward KeyCode="119" />
  <FPSRelBack KeyCode="115" />
  <FPSRelLeft KeyCode="97" />
  <FPSRelRight KeyCode="100" />
  <FPSLookUp KeyCode="114" />
  <FPSLookDown KeyCode="102" />
  <FPSLookLeft KeyCode="113" />
  <FPSLookRight KeyCode="101" />
  <FPSMouseLook KeyCode="325" />
  <ToggleKey KeyCode="99" Control="false" Shift="false" Alt="true" />
  <MoveItZoomKey KeyCode="325" Control="false" Shift="false" Alt="true" />
  <ResetRotationKey KeyCode="114" Control="false" Shift="false" Alt="true" />
  <XRotationKey KeyCode="120" />
  <YRotationKey KeyCode="121" />
  <FPSModeKey KeyCode="9" Control="true" Shift="false" Alt="false" />
  <FPSKeyTurnSpeed>1</FPSKeyTurnSpeed>
  <FPSKeyMoveSpeed>1</FPSKeyMoveSpeed>
  <FPSMouseTurnSpeed>1</FPSMouseTurnSpeed>
  <MapDragKey KeyCode="324" Control="false" Shift="true" Alt="false" />
  <MapDragInvertY>false</MapDragInvertY>
  <MapDragInvertX>false</MapDragInvertX>
  <MapDragSpeed>1</MapDragSpeed>
  <EditorPositions />
</ACME>