<?xml version="1.0" encoding="utf-8"?>
<AdvancedVehicleOptions xmlns:xsi="http://www.w3.org/2001/XMLSchema-instance" xmlns:xsd="http://www.w3.org/2001/XMLSchema">
  <Language>default</Language>
  <ToggleKey KeyCode="111" Control="false" Shift="true" Alt="true" />
  <DebugMessages>false</DebugMessages>
  <AutoSaveVehicleConfig>true</AutoSaveVehicleConfig>
  <RememberTrailerSync>false</RememberTrailerSync>
  <LastTrailerSync>false</LastTrailerSync>
  <GUIButton>false</GUIButton>
  <ValidateServices>true</ValidateServices>
  <SpeedUnitOption>false</SpeedUnitOption>
  <ShowMoreVehicleOptions>false</ShowMoreVehicleOptions>
  <OverrideCompatibilityWarnings>true</OverrideCompatibilityWarnings>
  <ControlTruckDelivery>true</ControlTruckDelivery>
</AdvancedVehicleOptions>