<?xml version="1.0" encoding="utf-8"?>
<ArrayOfVehicleOptions xmlns:xsi="http://www.w3.org/2001/XMLSchema-instance" xmlns:xsd="http://www.w3.org/2001/XMLSchema">
  <VehicleOptions name="Suv">
    <oldversion>true</oldversion>
    <enabled>false</enabled>
    <maxSpeed>20</maxSpeed>
    <acceleration>1</acceleration>
    <braking>2</braking>
    <turning>0.2</turning>
    <springs>0.92</springs>
    <dampers>0.5</dampers>
    <leanMultiplier>1</leanMultiplier>
    <nodMultiplier>1</nodMultiplier>
    <color0>E25D5D</color0>
    <color1>67CDD2</color1>
    <color2>769D63</color2>
    <color3>93A3A1</color3>
    <classname>Low Residential - Level1</classname>
  </VehicleOptions>
  <VehicleOptions name="Electric Car 02">
    <oldversion>true</oldversion>
    <enabled>false</enabled>
    <maxSpeed>20</maxSpeed>
    <acceleration>1</acceleration>
    <braking>2</braking>
    <turning>0.3</turning>
    <springs>0.98</springs>
    <dampers>0.5</dampers>
    <leanMultiplier>1</leanMultiplier>
    <nodMultiplier>1</nodMultiplier>
    <color0>841B1B</color0>
    <color1>224C7D</color1>
    <color2>1A492A</color2>
    <color3>F0C618</color3>
    <classname>Low Residential Eco - Level1</classname>
  </VehicleOptions>
  <VehicleOptions name="Electric Car 04">
    <oldversion>true</oldversion>
    <enabled>false</enabled>
    <maxSpeed>20</maxSpeed>
    <acceleration>1</acceleration>
    <braking>2</braking>
    <turning>0.2</turning>
    <springs>0.9</springs>
    <dampers>0.5</dampers>
    <leanMultiplier>1</leanMultiplier>
    <nodMultiplier>1</nodMultiplier>
    <color0>DF5384</color0>
    <color1>389EEE</color1>
    <color2>73E278</color2>
    <color3>FFB516</color3>
    <classname>Low Residential Eco - Level1</classname>
  </VehicleOptions>
  <VehicleOptions name="Electric Car 03">
    <oldversion>true</oldversion>
    <enabled>false</enabled>
    <maxSpeed>20</maxSpeed>
    <acceleration>1</acceleration>
    <braking>2</braking>
    <turning>0.2</turning>
    <springs>0.95</springs>
    <dampers>0.5</dampers>
    <leanMultiplier>1</leanMultiplier>
    <nodMultiplier>1</nodMultiplier>
    <color0>C35656</color0>
    <color1>619FD0</color1>
    <color2>88B08A</color2>
    <color3>FFD62B</color3>
    <classname>Low Residential Eco - Level1</classname>
  </VehicleOptions>
  <VehicleOptions name="Electric Car 01">
    <oldversion>true</oldversion>
    <enabled>false</enabled>
    <maxSpeed>20</maxSpeed>
    <acceleration>1</acceleration>
    <braking>2</braking>
    <turning>0.2</turning>
    <springs>0.95</springs>
    <dampers>0.5</dampers>
    <leanMultiplier>1</leanMultiplier>
    <nodMultiplier>1</nodMultiplier>
    <color0>C35656</color0>
    <color1>619FD0</color1>
    <color2>88B08A</color2>
    <color3>FFD62B</color3>
    <classname>Low Residential Eco - Level1</classname>
  </VehicleOptions>
  <VehicleOptions name="Camper Trailer 02">
    <oldversion>true</oldversion>
    <enabled>false</enabled>
    <maxSpeed>20</maxSpeed>
    <acceleration>1</acceleration>
    <braking>2</braking>
    <turning>0.2</turning>
    <springs>0.95</springs>
    <dampers>0.2</dampers>
    <leanMultiplier>1</leanMultiplier>
    <nodMultiplier>1</nodMultiplier>
    <color0>682020</color0>
    <color1>2C4868</color1>
    <color2>000000</color2>
    <color3>000000</color3>
    <classname>Low Residential - Level2</classname>
  </VehicleOptions>
  <VehicleOptions name="Camper Trailer 01">
    <oldversion>true</oldversion>
    <enabled>false</enabled>
    <maxSpeed>20</maxSpeed>
    <acceleration>1</acceleration>
    <braking>2</braking>
    <turning>0.2</turning>
    <springs>0.95</springs>
    <dampers>0.2</dampers>
    <leanMultiplier>1</leanMultiplier>
    <nodMultiplier>1</nodMultiplier>
    <color0>777777</color0>
    <color1>6096D4</color1>
    <color2>A65BB2</color2>
    <color3>C67649</color3>
    <classname>Low Residential - Level2</classname>
  </VehicleOptions>
  <VehicleOptions name="Camper Van 02">
    <oldversion>true</oldversion>
    <enabled>false</enabled>
    <maxSpeed>20</maxSpeed>
    <acceleration>1</acceleration>
    <braking>2</braking>
    <turning>0.2</turning>
    <springs>0.9</springs>
    <dampers>0.5</dampers>
    <leanMultiplier>1</leanMultiplier>
    <nodMultiplier>1</nodMultiplier>
    <color0>FFFFFF</color0>
    <color1>6B3232</color1>
    <color2>FFFFFF</color2>
    <color3>34693D</color3>
    <classname>Low Residential - Level2</classname>
  </VehicleOptions>
  <VehicleOptions name="Camper Van 03">
    <oldversion>true</oldversion>
    <enabled>false</enabled>
    <maxSpeed>20</maxSpeed>
    <acceleration>1</acceleration>
    <braking>2</braking>
    <turning>0.2</turning>
    <springs>0.9</springs>
    <dampers>0.5</dampers>
    <leanMultiplier>1</leanMultiplier>
    <nodMultiplier>1</nodMultiplier>
    <color0>FFFFFF</color0>
    <color1>0D1016</color1>
    <color2>6E5242</color2>
    <color3>FFFFFF</color3>
    <classname>Low Residential - Level2</classname>
  </VehicleOptions>
  <VehicleOptions name="Camper Van 01">
    <oldversion>true</oldversion>
    <enabled>false</enabled>
    <maxSpeed>20</maxSpeed>
    <acceleration>1</acceleration>
    <braking>2</braking>
    <turning>0.2</turning>
    <springs>0.9</springs>
    <dampers>0.5</dampers>
    <leanMultiplier>1</leanMultiplier>
    <nodMultiplier>1</nodMultiplier>
    <color0>FFFFFF</color0>
    <color1>2F6363</color1>
    <color2>FFFFFF</color2>
    <color3>522522</color3>
    <classname>Low Residential - Level2</classname>
  </VehicleOptions>
  <VehicleOptions name="Station-wagon">
    <oldversion>true</oldversion>
    <enabled>false</enabled>
    <maxSpeed>20</maxSpeed>
    <acceleration>1</acceleration>
    <braking>2</braking>
    <turning>0.2</turning>
    <springs>0.95</springs>
    <dampers>0.5</dampers>
    <leanMultiplier>1</leanMultiplier>
    <nodMultiplier>1</nodMultiplier>
    <color0>FF4C4C</color0>
    <color1>8AFFA3</color1>
    <color2>8CA6F1</color2>
    <color3>FFC67F</color3>
    <classname>Low Residential - Level1</classname>
  </VehicleOptions>
  <VehicleOptions name="Scooter">
    <oldversion>true</oldversion>
    <enabled>false</enabled>
    <maxSpeed>20</maxSpeed>
    <acceleration>1</acceleration>
    <braking>2</braking>
    <turning>0.2</turning>
    <springs>0.94</springs>
    <dampers>0.7</dampers>
    <leanMultiplier>-3</leanMultiplier>
    <nodMultiplier>1</nodMultiplier>
    <color0>FF3F3F</color0>
    <color1>5092FF</color1>
    <color2>5EB76A</color2>
    <color3>FFB32B</color3>
    <classname>Low Residential - Level1</classname>
  </VehicleOptions>
  <VehicleOptions name="Sports-car">
    <oldversion>true</oldversion>
    <enabled>false</enabled>
    <maxSpeed>20</maxSpeed>
    <acceleration>1</acceleration>
    <braking>2</braking>
    <turning>0.3</turning>
    <springs>0.98</springs>
    <dampers>0.5</dampers>
    <leanMultiplier>1</leanMultiplier>
    <nodMultiplier>1</nodMultiplier>
    <color0>FF6161</color0>
    <color1>FFCD63</color1>
    <color2>7693FF</color2>
    <color3>ABBDBF</color3>
    <classname>Low Residential - Level1</classname>
  </VehicleOptions>
  <VehicleOptions name="Sedan">
    <oldversion>true</oldversion>
    <enabled>false</enabled>
    <maxSpeed>20</maxSpeed>
    <acceleration>1</acceleration>
    <braking>2</braking>
    <turning>0.2</turning>
    <springs>0.95</springs>
    <dampers>0.5</dampers>
    <leanMultiplier>1</leanMultiplier>
    <nodMultiplier>1</nodMultiplier>
    <color0>C87B7B</color0>
    <color1>9CB377</color1>
    <color2>D5C272</color2>
    <color3>729BCA</color3>
    <classname>Low Residential - Level1</classname>
  </VehicleOptions>
  <VehicleOptions name="Hatchback">
    <oldversion>true</oldversion>
    <enabled>false</enabled>
    <maxSpeed>20</maxSpeed>
    <acceleration>1</acceleration>
    <braking>2</braking>
    <turning>0.2</turning>
    <springs>0.95</springs>
    <dampers>0.5</dampers>
    <leanMultiplier>1</leanMultiplier>
    <nodMultiplier>1</nodMultiplier>
    <color0>C35656</color0>
    <color1>619FD0</color1>
    <color2>88B08A</color2>
    <color3>FFD62B</color3>
    <classname>Low Residential - Level1</classname>
  </VehicleOptions>
  <VehicleOptions name="Personal Electric Transport Ride">
    <oldversion>true</oldversion>
    <enabled>false</enabled>
    <maxSpeed>20</maxSpeed>
    <acceleration>1</acceleration>
    <braking>2</braking>
    <turning>0.2</turning>
    <springs>0.94</springs>
    <dampers>0.7</dampers>
    <leanMultiplier>-1</leanMultiplier>
    <nodMultiplier>1</nodMultiplier>
    <color0>6D2C2C</color0>
    <color1>7328AE</color1>
    <color2>4E9424</color2>
    <color3>476785</color3>
    <classname>Low Residential Eco - Level1</classname>
  </VehicleOptions>
  <VehicleOptions name="2778841492.2019 toyota alphard_Data">
    <oldversion>true</oldversion>
    <maxSpeed>20</maxSpeed>
    <acceleration>1</acceleration>
    <braking>2</braking>
    <turning>0.2</turning>
    <springs>0.9</springs>
    <dampers>0.5</dampers>
    <leanMultiplier>1</leanMultiplier>
    <nodMultiplier>1</nodMultiplier>
    <color0>F0F0F0</color0>
    <color1>B1B4B6</color1>
    <color2>132952</color2>
    <color3>141414</color3>
    <classname>Low Residential - Level2</classname>
  </VehicleOptions>
  <VehicleOptions name="2841140249.2022 Suzuki Hustler_Data">
    <oldversion>true</oldversion>
    <maxSpeed>20</maxSpeed>
    <acceleration>1</acceleration>
    <braking>2</braking>
    <turning>0.2</turning>
    <springs>0.9</springs>
    <dampers>0.5</dampers>
    <leanMultiplier>0</leanMultiplier>
    <nodMultiplier>0</nodMultiplier>
    <color0>E55326</color0>
    <color1>3A748E</color1>
    <color2>A70A0A</color2>
    <color3>FEFEFE</color3>
    <classname>Low Residential - Level2</classname>
  </VehicleOptions>
  <VehicleOptions name="2841140249.2022 Suzuki Hustler 2_Data">
    <oldversion>true</oldversion>
    <maxSpeed>20</maxSpeed>
    <acceleration>1</acceleration>
    <braking>2</braking>
    <turning>0.2</turning>
    <springs>0.9</springs>
    <dampers>0.5</dampers>
    <leanMultiplier>0</leanMultiplier>
    <nodMultiplier>0</nodMultiplier>
    <color0>F6BA1E</color0>
    <color1>384F32</color1>
    <color2>CE7367</color2>
    <color3>90BFCE</color3>
    <classname>Low Residential - Level1</classname>
  </VehicleOptions>
  <VehicleOptions name="2647630382.Daihatsu TANTO WILLIAMS_Data">
    <oldversion>true</oldversion>
    <maxSpeed>20</maxSpeed>
    <acceleration>1</acceleration>
    <braking>2</braking>
    <turning>0.3</turning>
    <springs>0.98</springs>
    <dampers>0.5</dampers>
    <leanMultiplier>1</leanMultiplier>
    <nodMultiplier>1</nodMultiplier>
    <color0>000000</color0>
    <color1>FE9800</color1>
    <color2>000589</color2>
    <color3>00B2FF</color3>
    <classname>Low Residential - Level1</classname>
  </VehicleOptions>
  <VehicleOptions name="2647630382.Daihatsu Tanto-CUSTOM LA660S_Data">
    <oldversion>true</oldversion>
    <maxSpeed>20</maxSpeed>
    <acceleration>1</acceleration>
    <braking>2</braking>
    <turning>0.3</turning>
    <springs>0.98</springs>
    <dampers>0.5</dampers>
    <leanMultiplier>1</leanMultiplier>
    <nodMultiplier>1</nodMultiplier>
    <color0>FFFFFF</color0>
    <color1>00383F</color1>
    <color2>590000</color2>
    <color3>CCFF00</color3>
    <classname>Low Residential - Level1</classname>
  </VehicleOptions>
  <VehicleOptions name="2241058393.HONDA CB400SF Tm_Data">
    <oldversion>true</oldversion>
    <maxSpeed>28</maxSpeed>
    <acceleration>1</acceleration>
    <braking>2</braking>
    <turning>0.2</turning>
    <springs>0.97</springs>
    <dampers>0.95</dampers>
    <leanMultiplier>-3.3</leanMultiplier>
    <nodMultiplier>1</nodMultiplier>
    <color0>302E2E</color0>
    <color1>E2E5E9</color1>
    <color2>2D2D14</color2>
    <color3>421616</color3>
    <classname>Low Residential - Level1</classname>
  </VehicleOptions>
  <VehicleOptions name="2241058393.HONDA CB400SF Wh_Data">
    <oldversion>true</oldversion>
    <maxSpeed>28</maxSpeed>
    <acceleration>1</acceleration>
    <braking>2</braking>
    <turning>0.2</turning>
    <springs>0.97</springs>
    <dampers>0.95</dampers>
    <leanMultiplier>-3.3</leanMultiplier>
    <nodMultiplier>1</nodMultiplier>
    <color0>302E2E</color0>
    <color1>E2E5E9</color1>
    <color2>2D2D14</color2>
    <color3>421616</color3>
    <classname>Low Residential - Level1</classname>
  </VehicleOptions>
  <VehicleOptions name="678765379.LEGACY WAGON GT-B GB_Data">
    <oldversion>true</oldversion>
    <maxSpeed>24</maxSpeed>
    <acceleration>1</acceleration>
    <braking>2</braking>
    <turning>0.2</turning>
    <springs>0.95</springs>
    <dampers>0.5</dampers>
    <leanMultiplier>1</leanMultiplier>
    <nodMultiplier>1</nodMultiplier>
    <color0>9BA4B2</color0>
    <color1>FFF38E</color1>
    <color2>05121D</color2>
    <color3>051711</color3>
    <classname>Low Residential - Level1</classname>
  </VehicleOptions>
  <VehicleOptions name="2475448077.Mazda 3 Mk.4_Data">
    <oldversion>true</oldversion>
    <maxSpeed>20</maxSpeed>
    <acceleration>1</acceleration>
    <braking>2</braking>
    <turning>0.2</turning>
    <springs>0.95</springs>
    <dampers>0.5</dampers>
    <leanMultiplier>1</leanMultiplier>
    <nodMultiplier>1</nodMultiplier>
    <color0>FF002D</color0>
    <color1>000000</color1>
    <color2>394F69</color2>
    <color3>00023E</color3>
    <classname>Low Residential - Level1</classname>
  </VehicleOptions>
  <VehicleOptions name="2795578923.Mazda Axela Gen.2(BL Series)_Data">
    <oldversion>true</oldversion>
    <maxSpeed>20</maxSpeed>
    <acceleration>1</acceleration>
    <braking>2</braking>
    <turning>0.2</turning>
    <springs>0.95</springs>
    <dampers>0.5</dampers>
    <leanMultiplier>1</leanMultiplier>
    <nodMultiplier>1</nodMultiplier>
    <color0>FFFFFF</color0>
    <color1>00A3FE</color1>
    <color2>FF0000</color2>
    <color3>00058E</color3>
    <classname>Low Residential - Level1</classname>
  </VehicleOptions>
  <VehicleOptions name="2808400229.Mazda CX-3_Data">
    <oldversion>true</oldversion>
    <maxSpeed>20</maxSpeed>
    <acceleration>1</acceleration>
    <braking>2</braking>
    <turning>0.2</turning>
    <springs>0.95</springs>
    <dampers>0.5</dampers>
    <leanMultiplier>1</leanMultiplier>
    <nodMultiplier>1</nodMultiplier>
    <color0>FF0000</color0>
    <color1>30414D</color1>
    <color2>FFFFFF</color2>
    <color3>51463A</color3>
    <classname>Low Residential - Level1</classname>
  </VehicleOptions>
  <VehicleOptions name="2623310328.Mazda CX-30_Data">
    <oldversion>true</oldversion>
    <maxSpeed>20</maxSpeed>
    <acceleration>1</acceleration>
    <braking>2</braking>
    <turning>0.2</turning>
    <springs>0.95</springs>
    <dampers>0.5</dampers>
    <leanMultiplier>1</leanMultiplier>
    <nodMultiplier>1</nodMultiplier>
    <color0>FF002D</color0>
    <color1>000000</color1>
    <color2>384F69</color2>
    <color3>FFFFFF</color3>
    <classname>Low Residential - Level1</classname>
  </VehicleOptions>
  <VehicleOptions name="2869261397.Mazda CX-50_Data">
    <oldversion>true</oldversion>
    <maxSpeed>20</maxSpeed>
    <acceleration>1</acceleration>
    <braking>2</braking>
    <turning>0.2</turning>
    <springs>0.92</springs>
    <dampers>0.5</dampers>
    <leanMultiplier>1</leanMultiplier>
    <nodMultiplier>1</nodMultiplier>
    <color0>484848</color0>
    <color1>A00000</color1>
    <color2>B1AF81</color2>
    <color3>667F8A</color3>
    <classname>Low Residential - Level1</classname>
  </VehicleOptions>
  <VehicleOptions name="2672875882.Mazda2_Data">
    <oldversion>true</oldversion>
    <maxSpeed>20</maxSpeed>
    <acceleration>1</acceleration>
    <braking>2</braking>
    <turning>0.2</turning>
    <springs>0.95</springs>
    <dampers>0.5</dampers>
    <leanMultiplier>1</leanMultiplier>
    <nodMultiplier>1</nodMultiplier>
    <color0>FF0000</color0>
    <color1>6D6D6D</color1>
    <color2>000000</color2>
    <color3>FFFFFF</color3>
    <classname>Low Residential - Level1</classname>
  </VehicleOptions>
  <VehicleOptions name="665823831.NISSAN 180SX_Data">
    <oldversion>true</oldversion>
    <maxSpeed>30</maxSpeed>
    <acceleration>1</acceleration>
    <braking>2</braking>
    <turning>0.6</turning>
    <springs>0.98</springs>
    <dampers>0.98</dampers>
    <leanMultiplier>1</leanMultiplier>
    <nodMultiplier>1</nodMultiplier>
    <color0>FFFFFF</color0>
    <color1>A50031</color1>
    <color2>080808</color2>
    <color3>770082</color3>
    <classname>Low Residential - Level1</classname>
  </VehicleOptions>
  <VehicleOptions name="2822978563.Nissan X-TRAIL (T31)_Data">
    <oldversion>true</oldversion>
    <maxSpeed>20</maxSpeed>
    <acceleration>1</acceleration>
    <braking>2</braking>
    <turning>0.2</turning>
    <springs>0.92</springs>
    <dampers>0.5</dampers>
    <leanMultiplier>1</leanMultiplier>
    <nodMultiplier>1</nodMultiplier>
    <color0>FF0000</color0>
    <color1>FEFEFE</color1>
    <color2>000000</color2>
    <color3>1400FF</color3>
    <classname>Low Residential - Level1</classname>
  </VehicleOptions>
  <VehicleOptions name="1177502798.R69 Daihatsu Hijet_Data">
    <oldversion>true</oldversion>
    <maxSpeed>20</maxSpeed>
    <acceleration>1</acceleration>
    <braking>2</braking>
    <turning>0.2</turning>
    <springs>0.92</springs>
    <dampers>0.5</dampers>
    <leanMultiplier>0.2</leanMultiplier>
    <nodMultiplier>0.2</nodMultiplier>
    <color0>FFFFFF</color0>
    <color1>EBE6E1</color1>
    <color2>B3B3B3</color2>
    <color3>6D9BD2</color3>
    <classname>Low Residential - Level1</classname>
  </VehicleOptions>
  <VehicleOptions name="1572311768.R69 Honda Stepwgn_Data">
    <oldversion>true</oldversion>
    <maxSpeed>20</maxSpeed>
    <acceleration>0.5</acceleration>
    <braking>0.5</braking>
    <turning>0.15</turning>
    <springs>0.95</springs>
    <dampers>0.5</dampers>
    <leanMultiplier>0</leanMultiplier>
    <nodMultiplier>0</nodMultiplier>
    <color0>FFFFFF</color0>
    <color1>313131</color1>
    <color2>7C7C7C</color2>
    <color3>273163</color3>
    <classname>Low Residential - Level1</classname>
  </VehicleOptions>
  <VehicleOptions name="2444633333.Subaru Impreza Sport (GK)_Data">
    <oldversion>true</oldversion>
    <maxSpeed>20</maxSpeed>
    <acceleration>1</acceleration>
    <braking>2</braking>
    <turning>0.2</turning>
    <springs>0.95</springs>
    <dampers>0.5</dampers>
    <leanMultiplier>1</leanMultiplier>
    <nodMultiplier>1</nodMultiplier>
    <color0>FFFFFF</color0>
    <color1>000000</color1>
    <color2>8198C6</color2>
    <color3>000AFF</color3>
    <classname>Low Residential - Level1</classname>
  </VehicleOptions>
  <VehicleOptions name="874038944.SUBARU LEGACY (BM)_Data">
    <oldversion>true</oldversion>
    <maxSpeed>36</maxSpeed>
    <acceleration>1</acceleration>
    <braking>2</braking>
    <turning>0.2</turning>
    <springs>0.95</springs>
    <dampers>0.5</dampers>
    <leanMultiplier>1</leanMultiplier>
    <nodMultiplier>1</nodMultiplier>
    <color0>FFFFFF</color0>
    <color1>000000</color1>
    <color2>38090F</color2>
    <color3>000315</color3>
    <classname>Low Residential - Level1</classname>
  </VehicleOptions>
  <VehicleOptions name="2744674859.Subaru WRX S4_Data">
    <oldversion>true</oldversion>
    <maxSpeed>20</maxSpeed>
    <acceleration>1</acceleration>
    <braking>2</braking>
    <turning>0.2</turning>
    <springs>0.95</springs>
    <dampers>0.5</dampers>
    <leanMultiplier>1</leanMultiplier>
    <nodMultiplier>1</nodMultiplier>
    <color0>0038FF</color0>
    <color1>FFFFFF</color1>
    <color2>000000</color2>
    <color3>B7DCFF</color3>
    <classname>Low Residential - Level1</classname>
  </VehicleOptions>
  <VehicleOptions name="542851324.SUZUKI JIMNY_Data">
    <oldversion>true</oldversion>
    <maxSpeed>180</maxSpeed>
    <acceleration>1</acceleration>
    <braking>2</braking>
    <turning>0.5</turning>
    <springs>0.98</springs>
    <dampers>0.7</dampers>
    <leanMultiplier>1</leanMultiplier>
    <nodMultiplier>1</nodMultiplier>
    <color0>FFFFFF</color0>
    <color1>2E3C35</color1>
    <color2>1D2256</color2>
    <color3>595959</color3>
    <classname>Low Residential - Level1</classname>
  </VehicleOptions>
  <VehicleOptions name="Forestry Truck">
    <oldversion>true</oldversion>
    <enabled>false</enabled>
    <maxSpeed>20</maxSpeed>
    <acceleration>1</acceleration>
    <braking>2</braking>
    <turning>0.2</turning>
    <springs>0.93</springs>
    <dampers>0.5</dampers>
    <leanMultiplier>1</leanMultiplier>
    <nodMultiplier>1</nodMultiplier>
    <color0>FF8787</color0>
    <color1>FFF181</color1>
    <color2>BAFF9F</color2>
    <color3>ACDCFF</color3>
    <capacity>8000</capacity>
    <classname>Forestry - Processing</classname>
  </VehicleOptions>
  <VehicleOptions name="Forestry Trailer">
    <oldversion>true</oldversion>
    <enabled>false</enabled>
    <maxSpeed>20</maxSpeed>
    <acceleration>1</acceleration>
    <braking>2</braking>
    <turning>0.2</turning>
    <springs>0.95</springs>
    <dampers>0.2</dampers>
    <leanMultiplier>1</leanMultiplier>
    <nodMultiplier>1</nodMultiplier>
    <color0>B98989</color0>
    <color1>BEC199</color1>
    <color2>A1C897</color2>
    <color3>9DBDD0</color3>
    <classname>Forestry - Processing</classname>
  </VehicleOptions>
  <VehicleOptions name="2286329671.Scania P320 6x2*4 Flat (Forest)_Data">
    <oldversion>true</oldversion>
    <maxSpeed>20</maxSpeed>
    <acceleration>1</acceleration>
    <braking>2</braking>
    <turning>0.2</turning>
    <springs>0.9</springs>
    <dampers>0.5</dampers>
    <leanMultiplier>0.2</leanMultiplier>
    <nodMultiplier>0.2</nodMultiplier>
    <color0>FEFEFE</color0>
    <color1>461212</color1>
    <color2>101A3F</color2>
    <color3>3D3D3D</color3>
    <capacity>8000</capacity>
    <classname>Forestry - Processing</classname>
  </VehicleOptions>
  <VehicleOptions name="Tractor">
    <oldversion>true</oldversion>
    <enabled>false</enabled>
    <maxSpeed>20</maxSpeed>
    <acceleration>1</acceleration>
    <braking>2</braking>
    <turning>0.2</turning>
    <springs>0.9</springs>
    <dampers>0.5</dampers>
    <leanMultiplier>1</leanMultiplier>
    <nodMultiplier>1</nodMultiplier>
    <color0>FF0000</color0>
    <color1>28D354</color1>
    <color2>4AB4FF</color2>
    <color3>FFA300</color3>
    <capacity>8000</capacity>
    <classname>Farming - Processing</classname>
  </VehicleOptions>
  <VehicleOptions name="Tractor Trailer">
    <oldversion>true</oldversion>
    <enabled>false</enabled>
    <maxSpeed>20</maxSpeed>
    <acceleration>1</acceleration>
    <braking>2</braking>
    <turning>0.2</turning>
    <springs>0.9</springs>
    <dampers>0.5</dampers>
    <leanMultiplier>1</leanMultiplier>
    <nodMultiplier>1</nodMultiplier>
    <color0>FF0000</color0>
    <color1>28D354</color1>
    <color2>4BB4FF</color2>
    <color3>FFA300</color3>
    <classname>Farming - Processing</classname>
  </VehicleOptions>
  <VehicleOptions name="Tractor Trailer 02">
    <oldversion>true</oldversion>
    <enabled>false</enabled>
    <maxSpeed>20</maxSpeed>
    <acceleration>1</acceleration>
    <braking>2</braking>
    <turning>0.2</turning>
    <springs>0.9</springs>
    <dampers>0.5</dampers>
    <leanMultiplier>1</leanMultiplier>
    <nodMultiplier>1</nodMultiplier>
    <color0>CA3535</color0>
    <color1>3571CA</color1>
    <color2>47CA35</color2>
    <color3>CAA135</color3>
    <classname>Farming - Processing</classname>
  </VehicleOptions>
  <VehicleOptions name="2266113074.Scania P250 4x2 Agriculture_Data">
    <oldversion>true</oldversion>
    <maxSpeed>20</maxSpeed>
    <acceleration>1</acceleration>
    <braking>2</braking>
    <turning>0.2</turning>
    <springs>0.9</springs>
    <dampers>0.5</dampers>
    <leanMultiplier>0.2</leanMultiplier>
    <nodMultiplier>0.2</nodMultiplier>
    <color0>BC7D32</color0>
    <color1>5D5D5D</color1>
    <color2>0D1B36</color2>
    <color3>3F170A</color3>
    <capacity>8000</capacity>
    <classname>Farming - Processing</classname>
  </VehicleOptions>
  <VehicleOptions name="Ore Truck">
    <oldversion>true</oldversion>
    <enabled>false</enabled>
    <maxSpeed>20</maxSpeed>
    <acceleration>1</acceleration>
    <braking>2</braking>
    <turning>0.2</turning>
    <springs>0.93</springs>
    <dampers>0.5</dampers>
    <leanMultiplier>1</leanMultiplier>
    <nodMultiplier>1</nodMultiplier>
    <color0>FF8787</color0>
    <color1>FFF181</color1>
    <color2>BAFF9F</color2>
    <color3>ACDCFF</color3>
    <capacity>8000</capacity>
    <classname>Ore - Processing</classname>
  </VehicleOptions>
  <VehicleOptions name="Ore Truck Trailer">
    <oldversion>true</oldversion>
    <enabled>false</enabled>
    <maxSpeed>20</maxSpeed>
    <acceleration>1</acceleration>
    <braking>2</braking>
    <turning>0.2</turning>
    <springs>0.95</springs>
    <dampers>0.2</dampers>
    <leanMultiplier>1</leanMultiplier>
    <nodMultiplier>1</nodMultiplier>
    <color0>BDA2A2</color0>
    <color1>A8A779</color1>
    <color2>AACA94</color2>
    <color3>A9BAC3</color3>
    <classname>Ore - Processing</classname>
  </VehicleOptions>
  <VehicleOptions name="1641306972.FUSO Dump Truck_Data">
    <oldversion>true</oldversion>
    <maxSpeed>20</maxSpeed>
    <acceleration>1</acceleration>
    <braking>2</braking>
    <turning>0.2</turning>
    <springs>0.93</springs>
    <dampers>0.5</dampers>
    <leanMultiplier>1</leanMultiplier>
    <nodMultiplier>1</nodMultiplier>
    <color0>4F0000</color0>
    <color1>004D2C</color1>
    <color2>00244E</color2>
    <color3>DFDFDF</color3>
    <capacity>8000</capacity>
    <classname>Ore - Processing</classname>
  </VehicleOptions>
  <VehicleOptions name="1099858709.GIGA Ore Truck (HT Flat)_Data">
    <oldversion>true</oldversion>
    <maxSpeed>20</maxSpeed>
    <acceleration>1</acceleration>
    <braking>2</braking>
    <turning>0.2</turning>
    <springs>0.96</springs>
    <dampers>0.6</dampers>
    <leanMultiplier>0.8</leanMultiplier>
    <nodMultiplier>0.8</nodMultiplier>
    <color0>426F9B</color0>
    <color1>B27821</color1>
    <color2>05583E</color2>
    <color3>15212F</color3>
    <capacity>9000</capacity>
    <classname>Ore - Processing</classname>
  </VehicleOptions>
  <VehicleOptions name="1099858709.Heavy Trailer Flat_Data">
    <oldversion>true</oldversion>
    <maxSpeed>20</maxSpeed>
    <acceleration>1</acceleration>
    <braking>2</braking>
    <turning>0.2</turning>
    <springs>0.96</springs>
    <dampers>0.6</dampers>
    <leanMultiplier>0.4</leanMultiplier>
    <nodMultiplier>0.4</nodMultiplier>
    <color0>B2983A</color0>
    <color1>416793</color1>
    <color2>013800</color2>
    <color3>000F2C</color3>
    <classname>Ore - Processing</classname>
  </VehicleOptions>
  <VehicleOptions name="Oil Truck">
    <oldversion>true</oldversion>
    <enabled>false</enabled>
    <maxSpeed>20</maxSpeed>
    <acceleration>1</acceleration>
    <braking>2</braking>
    <turning>0.2</turning>
    <springs>0.93</springs>
    <dampers>0.5</dampers>
    <leanMultiplier>1</leanMultiplier>
    <nodMultiplier>1</nodMultiplier>
    <color0>FF8787</color0>
    <color1>FFF181</color1>
    <color2>BAFF9F</color2>
    <color3>ACDCFF</color3>
    <capacity>8000</capacity>
    <classname>Oil - Processing</classname>
  </VehicleOptions>
  <VehicleOptions name="Oil Truck Trailer">
    <oldversion>true</oldversion>
    <enabled>false</enabled>
    <maxSpeed>20</maxSpeed>
    <acceleration>1</acceleration>
    <braking>2</braking>
    <turning>0.2</turning>
    <springs>0.95</springs>
    <dampers>0.2</dampers>
    <leanMultiplier>1</leanMultiplier>
    <nodMultiplier>1</nodMultiplier>
    <color0>B98989</color0>
    <color1>BEC199</color1>
    <color2>A1C897</color2>
    <color3>9DBDD0</color3>
    <classname>Oil - Processing</classname>
  </VehicleOptions>
  <VehicleOptions name="975568812.Oil Truck Cosmo_Data">
    <oldversion>true</oldversion>
    <enabled>false</enabled>
    <maxSpeed>20</maxSpeed>
    <acceleration>1</acceleration>
    <braking>2</braking>
    <turning>0.2</turning>
    <springs>0.945</springs>
    <dampers>0.6</dampers>
    <leanMultiplier>0.9</leanMultiplier>
    <nodMultiplier>0.85</nodMultiplier>
    <useColorVariations>false</useColorVariations>
    <color0>FFFFFF</color0>
    <color1>FFFFFF</color1>
    <color2>FFFFFF</color2>
    <color3>FFFFFF</color3>
    <capacity>8000</capacity>
    <classname>Oil - Processing</classname>
  </VehicleOptions>
  <VehicleOptions name="975568812.Oil Trailer Cosmo_Data">
    <oldversion>true</oldversion>
    <enabled>false</enabled>
    <maxSpeed>20</maxSpeed>
    <acceleration>1</acceleration>
    <braking>2</braking>
    <turning>0.2</turning>
    <springs>0.945</springs>
    <dampers>0.6</dampers>
    <leanMultiplier>0.8</leanMultiplier>
    <nodMultiplier>0.8</nodMultiplier>
    <useColorVariations>false</useColorVariations>
    <color0>FFFFFF</color0>
    <color1>FFFFFF</color1>
    <color2>FFFFFF</color2>
    <color3>FFFFFF</color3>
    <classname>Oil - Processing</classname>
  </VehicleOptions>
  <VehicleOptions name="922535529.Truck ENEOS_Data">
    <oldversion>true</oldversion>
    <maxSpeed>20</maxSpeed>
    <acceleration>1</acceleration>
    <braking>2</braking>
    <turning>0.2</turning>
    <springs>0.945</springs>
    <dampers>0.6</dampers>
    <leanMultiplier>0.7</leanMultiplier>
    <nodMultiplier>1</nodMultiplier>
    <useColorVariations>false</useColorVariations>
    <color0>FFFFFF</color0>
    <color1>FFFFFF</color1>
    <color2>FFFFFF</color2>
    <color3>FFFFFF</color3>
    <capacity>8000</capacity>
    <classname>Oil - Processing</classname>
  </VehicleOptions>
  <VehicleOptions name="Donut Van">
    <oldversion>true</oldversion>
    <enabled>false</enabled>
    <maxSpeed>20</maxSpeed>
    <acceleration>1</acceleration>
    <braking>2</braking>
    <turning>0.2</turning>
    <springs>0.9</springs>
    <dampers>0.5</dampers>
    <leanMultiplier>1</leanMultiplier>
    <nodMultiplier>1</nodMultiplier>
    <color0>F9AAF0</color0>
    <color1>FFA6F8</color1>
    <color2>F8A6F9</color2>
    <color3>ECA6EA</color3>
    <capacity>6000</capacity>
    <classname>Industrial - Level1</classname>
  </VehicleOptions>
  <VehicleOptions name="Lorry">
    <oldversion>true</oldversion>
    <enabled>false</enabled>
    <maxSpeed>20</maxSpeed>
    <acceleration>1</acceleration>
    <braking>2</braking>
    <turning>0.2</turning>
    <springs>0.93</springs>
    <dampers>0.5</dampers>
    <leanMultiplier>1</leanMultiplier>
    <nodMultiplier>1</nodMultiplier>
    <color0>FFFFFF</color0>
    <color1>FFFFFF</color1>
    <color2>FFFFFF</color2>
    <color3>FFFFFF</color3>
    <capacity>8000</capacity>
    <classname>Industrial - Level1</classname>
  </VehicleOptions>
  <VehicleOptions name="Van">
    <oldversion>true</oldversion>
    <enabled>false</enabled>
    <maxSpeed>20</maxSpeed>
    <acceleration>1</acceleration>
    <braking>2</braking>
    <turning>0.2</turning>
    <springs>0.9</springs>
    <dampers>0.5</dampers>
    <leanMultiplier>1</leanMultiplier>
    <nodMultiplier>1</nodMultiplier>
    <color0>D25F5F</color0>
    <color1>4C9BD3</color1>
    <color2>74C669</color2>
    <color3>98A6A6</color3>
    <capacity>6000</capacity>
    <classname>Industrial - Level1</classname>
  </VehicleOptions>
  <VehicleOptions name="hotdog-van">
    <oldversion>true</oldversion>
    <enabled>false</enabled>
    <maxSpeed>20</maxSpeed>
    <acceleration>1</acceleration>
    <braking>2</braking>
    <turning>0.2</turning>
    <springs>0.9</springs>
    <dampers>0.5</dampers>
    <leanMultiplier>1</leanMultiplier>
    <nodMultiplier>1</nodMultiplier>
    <color0>FF0000</color0>
    <color1>FFE200</color1>
    <color2>FF0000</color2>
    <color3>FFD800</color3>
    <capacity>6000</capacity>
    <classname>Industrial - Level1</classname>
  </VehicleOptions>
  <VehicleOptions name="Bugspray Van">
    <oldversion>true</oldversion>
    <enabled>false</enabled>
    <maxSpeed>20</maxSpeed>
    <acceleration>1</acceleration>
    <braking>2</braking>
    <turning>0.2</turning>
    <springs>0.9</springs>
    <dampers>0.5</dampers>
    <leanMultiplier>1</leanMultiplier>
    <nodMultiplier>1</nodMultiplier>
    <color0>50BD50</color0>
    <color1>50B550</color1>
    <color2>50B550</color2>
    <color3>50B550</color3>
    <capacity>6000</capacity>
    <classname>Industrial - Level1</classname>
  </VehicleOptions>
  <VehicleOptions name="898795222.Bottle car 01 KIRIN_Data">
    <oldversion>true</oldversion>
    <maxSpeed>36</maxSpeed>
    <acceleration>1</acceleration>
    <braking>2</braking>
    <turning>0.2</turning>
    <springs>0.9</springs>
    <dampers>0.5</dampers>
    <leanMultiplier>1</leanMultiplier>
    <nodMultiplier>1</nodMultiplier>
    <useColorVariations>false</useColorVariations>
    <color0>FFFFFF</color0>
    <color1>FFFFFF</color1>
    <color2>FFFFFF</color2>
    <color3>FFFFFF</color3>
    <capacity>4200</capacity>
    <classname>Industrial - Level1</classname>
  </VehicleOptions>
  <VehicleOptions name="2065110332.CANTER YAMATO_Data">
    <oldversion>true</oldversion>
    <maxSpeed>20</maxSpeed>
    <acceleration>1</acceleration>
    <braking>1</braking>
    <turning>0.1</turning>
    <springs>0.935</springs>
    <dampers>0.5</dampers>
    <leanMultiplier>1</leanMultiplier>
    <nodMultiplier>0.9</nodMultiplier>
    <useColorVariations>false</useColorVariations>
    <color0>FFFFFF</color0>
    <color1>FFFFFF</color1>
    <color2>FFFFFF</color2>
    <color3>FFFFFF</color3>
    <capacity>8000</capacity>
    <classname>Industrial - Level1</classname>
  </VehicleOptions>
  <VehicleOptions name="509675349.FamilyMart-truck_Data">
    <oldversion>true</oldversion>
    <maxSpeed>20</maxSpeed>
    <acceleration>1</acceleration>
    <braking>2</braking>
    <turning>0.2</turning>
    <springs>0.93</springs>
    <dampers>0.5</dampers>
    <leanMultiplier>1</leanMultiplier>
    <nodMultiplier>1</nodMultiplier>
    <color0>FFFFFF</color0>
    <color1>FFFFFF</color1>
    <color2>FFFFFF</color2>
    <color3>FFFFFF</color3>
    <capacity>8000</capacity>
    <classname>Industrial - Level1</classname>
  </VehicleOptions>
  <VehicleOptions name="2486564856.FORWARD FRR SAKAI_Data">
    <oldversion>true</oldversion>
    <maxSpeed>20</maxSpeed>
    <acceleration>1</acceleration>
    <braking>2</braking>
    <turning>0.2</turning>
    <springs>0.955</springs>
    <dampers>0.5</dampers>
    <leanMultiplier>1</leanMultiplier>
    <nodMultiplier>0.9</nodMultiplier>
    <useColorVariations>false</useColorVariations>
    <color0>FFFFFF</color0>
    <color1>FFFFFF</color1>
    <color2>FFFFFF</color2>
    <color3>FFFFFF</color3>
    <capacity>8000</capacity>
    <classname>Industrial - Level1</classname>
  </VehicleOptions>
  <VehicleOptions name="1332409015.Hino RANGER FD Wing-Van_Data">
    <oldversion>true</oldversion>
    <maxSpeed>20</maxSpeed>
    <acceleration>1</acceleration>
    <braking>2</braking>
    <turning>0.2</turning>
    <springs>0.94</springs>
    <dampers>0.5</dampers>
    <leanMultiplier>1</leanMultiplier>
    <nodMultiplier>0.9</nodMultiplier>
    <color0>35638E</color0>
    <color1>808080</color1>
    <color2>AD9571</color2>
    <color3>FFFFFF</color3>
    <capacity>8000</capacity>
    <classname>Industrial - Level1</classname>
  </VehicleOptions>
  <VehicleOptions name="2269965345.HONDA CB400SF Sokuhai_Data">
    <oldversion>true</oldversion>
    <maxSpeed>20</maxSpeed>
    <acceleration>1</acceleration>
    <braking>1.8</braking>
    <turning>0.2</turning>
    <springs>0.97</springs>
    <dampers>0.95</dampers>
    <leanMultiplier>-3.3</leanMultiplier>
    <nodMultiplier>1</nodMultiplier>
    <useColorVariations>false</useColorVariations>
    <color0>FFFFFF</color0>
    <color1>FFFFFF</color1>
    <color2>FFFFFF</color2>
    <color3>FFFFFF</color3>
    <capacity>50</capacity>
    <classname>Industrial - Level1</classname>
  </VehicleOptions>
  <VehicleOptions name="509675267.Kuroneko-yamato-truck_Data">
    <oldversion>true</oldversion>
    <maxSpeed>20</maxSpeed>
    <acceleration>1</acceleration>
    <braking>2</braking>
    <turning>0.2</turning>
    <springs>0.93</springs>
    <dampers>0.5</dampers>
    <leanMultiplier>1</leanMultiplier>
    <nodMultiplier>1</nodMultiplier>
    <color0>FFFFFF</color0>
    <color1>FFFFFF</color1>
    <color2>FFFFFF</color2>
    <color3>FFFFFF</color3>
    <capacity>8000</capacity>
    <classname>Industrial - Level1</classname>
  </VehicleOptions>
  <VehicleOptions name="509675084.Sagawa-kyubin-truck_Data">
    <oldversion>true</oldversion>
    <maxSpeed>20</maxSpeed>
    <acceleration>1</acceleration>
    <braking>2</braking>
    <turning>0.2</turning>
    <springs>0.93</springs>
    <dampers>0.5</dampers>
    <leanMultiplier>1</leanMultiplier>
    <nodMultiplier>1</nodMultiplier>
    <color0>FFFFFF</color0>
    <color1>FFFFFF</color1>
    <color2>FFFFFF</color2>
    <color3>FFFFFF</color3>
    <capacity>8000</capacity>
    <classname>Industrial - Level1</classname>
  </VehicleOptions>
  <VehicleOptions name="509672101.Seven-eleven-truck_Data">
    <oldversion>true</oldversion>
    <maxSpeed>20</maxSpeed>
    <acceleration>1</acceleration>
    <braking>2</braking>
    <turning>0.2</turning>
    <springs>0.93</springs>
    <dampers>0.5</dampers>
    <leanMultiplier>1</leanMultiplier>
    <nodMultiplier>1</nodMultiplier>
    <useColorVariations>false</useColorVariations>
    <color0>FFFFFF</color0>
    <color1>FFFFFF</color1>
    <color2>FFFFFF</color2>
    <color3>FFFFFF</color3>
    <capacity>8000</capacity>
    <classname>Industrial - Level1</classname>
  </VehicleOptions>
  <VehicleOptions name="2759503089.Subaru Sambar Refrigerator Truck_Data">
    <oldversion>true</oldversion>
    <maxSpeed>20</maxSpeed>
    <acceleration>0.6</acceleration>
    <braking>7</braking>
    <turning>0.2</turning>
    <springs>0.9</springs>
    <dampers>0.5</dampers>
    <leanMultiplier>0.3</leanMultiplier>
    <nodMultiplier>0.3</nodMultiplier>
    <color0>FFFFFF</color0>
    <color1>FFFFFF</color1>
    <color2>FEFEFE</color2>
    <color3>FFFFFF</color3>
    <capacity>2500</capacity>
    <classname>Industrial - Level1</classname>
  </VehicleOptions>
  <VehicleOptions name="1900190689.SUZUKI EVERY KT01_Data">
    <oldversion>true</oldversion>
    <maxSpeed>20</maxSpeed>
    <acceleration>1</acceleration>
    <braking>2</braking>
    <turning>0.2</turning>
    <springs>0.9</springs>
    <dampers>0.5</dampers>
    <leanMultiplier>1</leanMultiplier>
    <nodMultiplier>1</nodMultiplier>
    <color0>D3D2CD</color0>
    <color1>9E9FA5</color1>
    <color2>000208</color2>
    <color3>DDC68B</color3>
    <capacity>1100</capacity>
    <classname>Industrial - Level1</classname>
  </VehicleOptions>
  <VehicleOptions name="2825082913.Toyota Dyna Double Cab_Data">
    <oldversion>true</oldversion>
    <maxSpeed>20</maxSpeed>
    <acceleration>1</acceleration>
    <braking>2</braking>
    <turning>0.2</turning>
    <springs>0.93</springs>
    <dampers>0.5</dampers>
    <leanMultiplier>1</leanMultiplier>
    <nodMultiplier>1</nodMultiplier>
    <color0>FFFFFF</color0>
    <color1>9E9E9E</color1>
    <color2>37C5AC</color2>
    <color3>1E25C5</color3>
    <capacity>8000</capacity>
    <classname>Industrial - Level1</classname>
  </VehicleOptions>
  <VehicleOptions name="637629982.TOYOTA ProBox XP5 #2_Data">
    <oldversion>true</oldversion>
    <maxSpeed>180</maxSpeed>
    <acceleration>1</acceleration>
    <braking>2</braking>
    <turning>0.3</turning>
    <springs>0.9</springs>
    <dampers>0.9</dampers>
    <leanMultiplier>1</leanMultiplier>
    <nodMultiplier>1</nodMultiplier>
    <useColorVariations>false</useColorVariations>
    <color0>FFFFFF</color0>
    <color1>FFFFFF</color1>
    <color2>FFFFFF</color2>
    <color3>FFFFFF</color3>
    <capacity>6000</capacity>
    <classname>Industrial - Level1</classname>
  </VehicleOptions>
  <VehicleOptions name="509675030.Yamazaki-bread-truck_Data">
    <oldversion>true</oldversion>
    <maxSpeed>20</maxSpeed>
    <acceleration>1</acceleration>
    <braking>2</braking>
    <turning>0.2</turning>
    <springs>0.93</springs>
    <dampers>0.5</dampers>
    <leanMultiplier>1</leanMultiplier>
    <nodMultiplier>1</nodMultiplier>
    <color0>FFFFFF</color0>
    <color1>FFFFFF</color1>
    <color2>FFFFFF</color2>
    <color3>FFFFFF</color3>
    <capacity>8000</capacity>
    <classname>Industrial - Level1</classname>
  </VehicleOptions>
  <VehicleOptions name="2375260621.ダイハツ　ハイゼット　カーゴ　HijetCargo（+内装）　　_Data">
    <oldversion>true</oldversion>
    <maxSpeed>20</maxSpeed>
    <acceleration>0.3</acceleration>
    <braking>0.8</braking>
    <turning>0.2</turning>
    <springs>0.9</springs>
    <dampers>0.5</dampers>
    <leanMultiplier>0.1</leanMultiplier>
    <nodMultiplier>0.2</nodMultiplier>
    <color0>FEFEFE</color0>
    <color1>FFFFFF</color1>
    <color2>BCBCBC</color2>
    <color3>767676</color3>
    <capacity>4000</capacity>
    <classname>Industrial - Level1</classname>
  </VehicleOptions>
  <VehicleOptions name="Police Car">
    <oldversion>true</oldversion>
    <enabled>false</enabled>
    <maxSpeed>20</maxSpeed>
    <acceleration>1</acceleration>
    <braking>2</braking>
    <turning>0.2</turning>
    <springs>0.95</springs>
    <dampers>0.5</dampers>
    <leanMultiplier>1</leanMultiplier>
    <nodMultiplier>1</nodMultiplier>
    <color0>FFFFFF</color0>
    <color1>FFFFFF</color1>
    <color2>FFFFFF</color2>
    <color3>FFFFFF</color3>
    <capacity>50000</capacity>
    <specialcapacity>3</specialcapacity>
    <classname>Police Department Vehicle</classname>
  </VehicleOptions>
  <VehicleOptions name="664641242.HONDA TODAY POLICE CAR_Data">
    <oldversion>true</oldversion>
    <maxSpeed>33</maxSpeed>
    <acceleration>1</acceleration>
    <braking>2</braking>
    <turning>0.2</turning>
    <springs>0.95</springs>
    <dampers>0.5</dampers>
    <leanMultiplier>1</leanMultiplier>
    <nodMultiplier>1</nodMultiplier>
    <useColorVariations>false</useColorVariations>
    <color0>FFFFFF</color0>
    <color1>FFFFFF</color1>
    <color2>FFFFFF</color2>
    <color3>FFFFFF</color3>
    <capacity>55000</capacity>
    <specialcapacity>2</specialcapacity>
    <classname>Police Department Vehicle</classname>
  </VehicleOptions>
  <VehicleOptions name="2585431803.JP_Police Motorcycle VFR800P白バイ_Data">
    <oldversion>true</oldversion>
    <maxSpeed>20</maxSpeed>
    <acceleration>1</acceleration>
    <braking>2</braking>
    <turning>0.2</turning>
    <springs>0.95</springs>
    <dampers>0.5</dampers>
    <leanMultiplier>1</leanMultiplier>
    <nodMultiplier>1</nodMultiplier>
    <color0>FFFFFF</color0>
    <color1>FFFFFF</color1>
    <color2>FFFFFF</color2>
    <color3>FFFFFF</color3>
    <capacity>50000</capacity>
    <specialcapacity>3</specialcapacity>
    <classname>Police Department Vehicle</classname>
  </VehicleOptions>
  <VehicleOptions name="936447691.Police car 04 CROWN 200_Data">
    <oldversion>true</oldversion>
    <maxSpeed>36</maxSpeed>
    <acceleration>0.25</acceleration>
    <braking>0.5</braking>
    <turning>0.08</turning>
    <springs>0.9</springs>
    <dampers>0.9</dampers>
    <leanMultiplier>0.15</leanMultiplier>
    <nodMultiplier>0.15</nodMultiplier>
    <color0>FFFFFF</color0>
    <color1>FFFFFF</color1>
    <color2>FFFFFF</color2>
    <color3>FFFFFF</color3>
    <capacity>50000</capacity>
    <specialcapacity>3</specialcapacity>
    <classname>Police Department Vehicle</classname>
  </VehicleOptions>
  <VehicleOptions name="2892627295.Police Toyota Crown 220 Unmarked_Data">
    <oldversion>true</oldversion>
    <maxSpeed>20</maxSpeed>
    <acceleration>1</acceleration>
    <braking>2</braking>
    <turning>0.2</turning>
    <springs>0.95</springs>
    <dampers>0.5</dampers>
    <leanMultiplier>1</leanMultiplier>
    <nodMultiplier>1</nodMultiplier>
    <color0>FFFFFF</color0>
    <color1>FFFFFF</color1>
    <color2>FFFFFF</color2>
    <color3>FFFFFF</color3>
    <capacity>50000</capacity>
    <specialcapacity>3</specialcapacity>
    <classname>Police Department Vehicle</classname>
  </VehicleOptions>
  <VehicleOptions name="Fire Truck">
    <oldversion>true</oldversion>
    <enabled>false</enabled>
    <maxSpeed>20</maxSpeed>
    <acceleration>1</acceleration>
    <braking>2</braking>
    <turning>0.2</turning>
    <springs>0.9</springs>
    <dampers>0.5</dampers>
    <leanMultiplier>1</leanMultiplier>
    <nodMultiplier>1</nodMultiplier>
    <color0>FFFFFF</color0>
    <color1>FFFFFF</color1>
    <color2>FFFFFF</color2>
    <color3>FFFFFF</color3>
    <capacity>75</capacity>
    <classname>Fire Department Vehicle</classname>
  </VehicleOptions>
  <VehicleOptions name="776783806.FEJP-CD-I_Data">
    <oldversion>true</oldversion>
    <maxSpeed>20</maxSpeed>
    <acceleration>1</acceleration>
    <braking>1</braking>
    <turning>0.05</turning>
    <springs>0.9</springs>
    <dampers>0.9</dampers>
    <leanMultiplier>0.1</leanMultiplier>
    <nodMultiplier>0.1</nodMultiplier>
    <color0>FFFFFF</color0>
    <color1>FFFFFF</color1>
    <color2>FFFFFF</color2>
    <color3>FFFFFF</color3>
    <capacity>75</capacity>
    <classname>Fire Department Vehicle</classname>
  </VehicleOptions>
  <VehicleOptions name="864387963.JPN Fire Truck  A01_Data">
    <oldversion>true</oldversion>
    <maxSpeed>20</maxSpeed>
    <acceleration>1</acceleration>
    <braking>2</braking>
    <turning>0.2</turning>
    <springs>0.9</springs>
    <dampers>0.5</dampers>
    <leanMultiplier>1</leanMultiplier>
    <nodMultiplier>1</nodMultiplier>
    <color0>FFFFFF</color0>
    <color1>FFFFFF</color1>
    <color2>FFFFFF</color2>
    <color3>FFFFFF</color3>
    <capacity>75</capacity>
    <classname>Fire Department Vehicle</classname>
  </VehicleOptions>
  <VehicleOptions name="Ambulance">
    <oldversion>true</oldversion>
    <enabled>false</enabled>
    <maxSpeed>20</maxSpeed>
    <acceleration>1</acceleration>
    <braking>2</braking>
    <turning>0.2</turning>
    <springs>0.93</springs>
    <dampers>0.5</dampers>
    <leanMultiplier>1</leanMultiplier>
    <nodMultiplier>1</nodMultiplier>
    <useColorVariations>false</useColorVariations>
    <color0>FFFFFF</color0>
    <color1>FFFFFF</color1>
    <color2>FFFFFF</color2>
    <color3>FFFFFF</color3>
    <capacity>1</capacity>
    <classname>HealthCare Vehicle</classname>
  </VehicleOptions>
  <VehicleOptions name="1227174842.CARAVAN  Ambulance_Data">
    <oldversion>true</oldversion>
    <maxSpeed>40</maxSpeed>
    <acceleration>1</acceleration>
    <braking>2</braking>
    <turning>0.2</turning>
    <springs>0.93</springs>
    <dampers>0.5</dampers>
    <leanMultiplier>1</leanMultiplier>
    <nodMultiplier>1</nodMultiplier>
    <color0>FFFFFF</color0>
    <color1>FFFFFF</color1>
    <color2>FFFFFF</color2>
    <color3>FFFFFF</color3>
    <capacity>1</capacity>
    <classname>HealthCare Vehicle</classname>
  </VehicleOptions>
  <VehicleOptions name="1344693563.PARAMEDIC2_Data">
    <oldversion>true</oldversion>
    <maxSpeed>22</maxSpeed>
    <acceleration>0.5</acceleration>
    <braking>1</braking>
    <turning>0.05</turning>
    <springs>0.99</springs>
    <dampers>0.99</dampers>
    <leanMultiplier>0.1</leanMultiplier>
    <nodMultiplier>0.1</nodMultiplier>
    <color0>FFFFFF</color0>
    <color1>FFFFFF</color1>
    <color2>FFFFFF</color2>
    <color3>FFFFFF</color3>
    <capacity>1</capacity>
    <classname>HealthCare Vehicle</classname>
  </VehicleOptions>
  <VehicleOptions name="642096592.TOYOTA HIMEDIC_Data">
    <oldversion>true</oldversion>
    <maxSpeed>40</maxSpeed>
    <acceleration>1</acceleration>
    <braking>2</braking>
    <turning>0.2</turning>
    <springs>0.96</springs>
    <dampers>0.65</dampers>
    <leanMultiplier>1</leanMultiplier>
    <nodMultiplier>1</nodMultiplier>
    <color0>FFFFFF</color0>
    <color1>FFFFFF</color1>
    <color2>FFFFFF</color2>
    <color3>FFFFFF</color3>
    <capacity>1</capacity>
    <classname>HealthCare Vehicle</classname>
  </VehicleOptions>
  <VehicleOptions name="Hearse">
    <oldversion>true</oldversion>
    <enabled>false</enabled>
    <maxSpeed>20</maxSpeed>
    <acceleration>1</acceleration>
    <braking>2</braking>
    <turning>0.1</turning>
    <springs>0.92</springs>
    <dampers>0.5</dampers>
    <leanMultiplier>1</leanMultiplier>
    <nodMultiplier>1</nodMultiplier>
    <useColorVariations>false</useColorVariations>
    <color0>FFFFFF</color0>
    <color1>FFFFFF</color1>
    <color2>FFFFFF</color2>
    <color3>FFFFFF</color3>
    <capacity>10</capacity>
    <classname>DeathCare Vehicle</classname>
  </VehicleOptions>
  <VehicleOptions name="893661171.TOWN CAR hearse_Data">
    <oldversion>true</oldversion>
    <maxSpeed>26</maxSpeed>
    <acceleration>1</acceleration>
    <braking>2</braking>
    <turning>0.1</turning>
    <springs>0.92</springs>
    <dampers>0.5</dampers>
    <leanMultiplier>1</leanMultiplier>
    <nodMultiplier>1</nodMultiplier>
    <useColorVariations>false</useColorVariations>
    <color0>FFFFFF</color0>
    <color1>FFFFFF</color1>
    <color2>FFFFFF</color2>
    <color3>FFFFFF</color3>
    <capacity>5</capacity>
    <classname>DeathCare Vehicle</classname>
  </VehicleOptions>
  <VehicleOptions name="Garbage Truck">
    <oldversion>true</oldversion>
    <enabled>false</enabled>
    <maxSpeed>20</maxSpeed>
    <acceleration>1</acceleration>
    <braking>2</braking>
    <turning>0.2</turning>
    <springs>0.9</springs>
    <dampers>0.5</dampers>
    <leanMultiplier>1</leanMultiplier>
    <nodMultiplier>1</nodMultiplier>
    <color0>FFFFFF</color0>
    <color1>FFFFFF</color1>
    <color2>FFFFFF</color2>
    <color3>FFFFFF</color3>
    <capacity>20000</capacity>
    <classname>Garbage Vehicle</classname>
  </VehicleOptions>
  <VehicleOptions name="864382846.JPN Garbage Truck A01_Data">
    <oldversion>true</oldversion>
    <maxSpeed>20</maxSpeed>
    <acceleration>1</acceleration>
    <braking>2</braking>
    <turning>0.2</turning>
    <springs>0.9</springs>
    <dampers>0.5</dampers>
    <leanMultiplier>1</leanMultiplier>
    <nodMultiplier>1</nodMultiplier>
    <color0>FFFFFF</color0>
    <color1>FFFFFF</color1>
    <color2>FFFFFF</color2>
    <color3>FFFFFF</color3>
    <capacity>20000</capacity>
    <classname>Garbage Vehicle</classname>
  </VehicleOptions>
  <VehicleOptions name="DoubleDeckerBus01">
    <oldversion>true</oldversion>
    <maxSpeed>20</maxSpeed>
    <acceleration>1</acceleration>
    <braking>2</braking>
    <turning>0.2</turning>
    <springs>0.9</springs>
    <dampers>0.5</dampers>
    <leanMultiplier>0.3</leanMultiplier>
    <nodMultiplier>0.3</nodMultiplier>
    <color0>FFFFFF</color0>
    <color1>FFFFFF</color1>
    <color2>FFFFFF</color2>
    <color3>FFFFFF</color3>
    <capacity>60</capacity>
    <classname>Bus Vehicle</classname>
  </VehicleOptions>
  <VehicleOptions name="DoubleDeckerBus02">
    <oldversion>true</oldversion>
    <maxSpeed>20</maxSpeed>
    <acceleration>1</acceleration>
    <braking>2</braking>
    <turning>0.2</turning>
    <springs>0.9</springs>
    <dampers>0.5</dampers>
    <leanMultiplier>0.3</leanMultiplier>
    <nodMultiplier>0.3</nodMultiplier>
    <color0>FFFFFF</color0>
    <color1>FFFFFF</color1>
    <color2>FFFFFF</color2>
    <color3>FFFFFF</color3>
    <capacity>65</capacity>
    <classname>Bus Vehicle</classname>
  </VehicleOptions>
  <VehicleOptions name="School Bus 01">
    <oldversion>true</oldversion>
    <maxSpeed>20</maxSpeed>
    <acceleration>1</acceleration>
    <braking>2</braking>
    <turning>0.2</turning>
    <springs>0.9</springs>
    <dampers>0.5</dampers>
    <leanMultiplier>1</leanMultiplier>
    <nodMultiplier>1</nodMultiplier>
    <useColorVariations>false</useColorVariations>
    <color0>FFFFFF</color0>
    <color1>FFFFFF</color1>
    <color2>FFFFFF</color2>
    <color3>FFFFFF</color3>
    <capacity>30</capacity>
    <classname>Bus Vehicle</classname>
  </VehicleOptions>
  <VehicleOptions name="Bus01">
    <oldversion>true</oldversion>
    <maxSpeed>20</maxSpeed>
    <acceleration>1</acceleration>
    <braking>2</braking>
    <turning>0.2</turning>
    <springs>0.9</springs>
    <dampers>0.5</dampers>
    <leanMultiplier>0.3</leanMultiplier>
    <nodMultiplier>0.3</nodMultiplier>
    <color0>FFFFFF</color0>
    <color1>FFFFFF</color1>
    <color2>FFFFFF</color2>
    <color3>FFFFFF</color3>
    <capacity>22</capacity>
    <classname>Bus Vehicle</classname>
  </VehicleOptions>
  <VehicleOptions name="Bus03">
    <oldversion>true</oldversion>
    <maxSpeed>20</maxSpeed>
    <acceleration>1</acceleration>
    <braking>2</braking>
    <turning>0.2</turning>
    <springs>0.9</springs>
    <dampers>0.5</dampers>
    <leanMultiplier>0.3</leanMultiplier>
    <nodMultiplier>0.3</nodMultiplier>
    <color0>FFFFFF</color0>
    <color1>FFFFFF</color1>
    <color2>FFFFFF</color2>
    <color3>FFFFFF</color3>
    <capacity>25</capacity>
    <classname>Bus Vehicle</classname>
  </VehicleOptions>
  <VehicleOptions name="Bus02">
    <oldversion>true</oldversion>
    <maxSpeed>20</maxSpeed>
    <acceleration>1</acceleration>
    <braking>2</braking>
    <turning>0.2</turning>
    <springs>0.9</springs>
    <dampers>0.5</dampers>
    <leanMultiplier>0.3</leanMultiplier>
    <nodMultiplier>0.3</nodMultiplier>
    <color0>FFFFFF</color0>
    <color1>FFFFFF</color1>
    <color2>FFFFFF</color2>
    <color3>FFFFFF</color3>
    <capacity>30</capacity>
    <classname>Bus Vehicle</classname>
  </VehicleOptions>
  <VehicleOptions name="Bus">
    <oldversion>true</oldversion>
    <maxSpeed>20</maxSpeed>
    <acceleration>1</acceleration>
    <braking>2</braking>
    <turning>0.2</turning>
    <springs>0.9</springs>
    <dampers>0.5</dampers>
    <leanMultiplier>1</leanMultiplier>
    <nodMultiplier>1</nodMultiplier>
    <color0>FF8300</color0>
    <color1>FF9901</color1>
    <color2>FFA300</color2>
    <color3>FFB800</color3>
    <capacity>30</capacity>
    <classname>Bus Vehicle</classname>
  </VehicleOptions>
  <VehicleOptions name="ArticulatedBus01">
    <oldversion>true</oldversion>
    <maxSpeed>20</maxSpeed>
    <acceleration>1</acceleration>
    <braking>2</braking>
    <turning>0.2</turning>
    <springs>0.9</springs>
    <dampers>0.5</dampers>
    <leanMultiplier>0.001</leanMultiplier>
    <nodMultiplier>0.001</nodMultiplier>
    <color0>FFFFFF</color0>
    <color1>FFFFFF</color1>
    <color2>FFFFFF</color2>
    <color3>FFFFFF</color3>
    <capacity>50</capacity>
    <classname>Bus Vehicle</classname>
  </VehicleOptions>
  <VehicleOptions name="ArticulatedBus01_trailer">
    <oldversion>true</oldversion>
    <maxSpeed>20</maxSpeed>
    <acceleration>1</acceleration>
    <braking>2</braking>
    <turning>0.2</turning>
    <springs>0.9</springs>
    <dampers>0.5</dampers>
    <leanMultiplier>0.001</leanMultiplier>
    <nodMultiplier>0.001</nodMultiplier>
    <color0>FFFFFF</color0>
    <color1>FFFFFF</color1>
    <color2>FFFFFF</color2>
    <color3>FFFFFF</color3>
    <classname>Bus Vehicle</classname>
  </VehicleOptions>
  <VehicleOptions name="ArticulatedBus02">
    <oldversion>true</oldversion>
    <maxSpeed>20</maxSpeed>
    <acceleration>1</acceleration>
    <braking>2</braking>
    <turning>0.2</turning>
    <springs>0.9</springs>
    <dampers>0.5</dampers>
    <leanMultiplier>0.001</leanMultiplier>
    <nodMultiplier>0.001</nodMultiplier>
    <color0>FFFFFF</color0>
    <color1>FFFFFF</color1>
    <color2>FFFFFF</color2>
    <color3>FFFFFF</color3>
    <capacity>70</capacity>
    <classname>Bus Vehicle</classname>
  </VehicleOptions>
  <VehicleOptions name="ArticulatedBus02_trailer">
    <oldversion>true</oldversion>
    <maxSpeed>20</maxSpeed>
    <acceleration>1</acceleration>
    <braking>2</braking>
    <turning>0.2</turning>
    <springs>0.9</springs>
    <dampers>0.5</dampers>
    <leanMultiplier>0.001</leanMultiplier>
    <nodMultiplier>0.001</nodMultiplier>
    <color0>FFFFFF</color0>
    <color1>FFFFFF</color1>
    <color2>FFFFFF</color2>
    <color3>FFFFFF</color3>
    <classname>Bus Vehicle</classname>
  </VehicleOptions>
  <VehicleOptions name="ArticulatedBus03">
    <oldversion>true</oldversion>
    <maxSpeed>20</maxSpeed>
    <acceleration>1</acceleration>
    <braking>2</braking>
    <turning>0.2</turning>
    <springs>0.9</springs>
    <dampers>0.5</dampers>
    <leanMultiplier>0.001</leanMultiplier>
    <nodMultiplier>0.001</nodMultiplier>
    <color0>FFFFFF</color0>
    <color1>FFFFFF</color1>
    <color2>FFFFFF</color2>
    <color3>FFFFFF</color3>
    <capacity>80</capacity>
    <classname>Bus Vehicle</classname>
  </VehicleOptions>
  <VehicleOptions name="ArticulatedBus03_trailer">
    <oldversion>true</oldversion>
    <maxSpeed>20</maxSpeed>
    <acceleration>1</acceleration>
    <braking>2</braking>
    <turning>0.2</turning>
    <springs>0.9</springs>
    <dampers>0.5</dampers>
    <leanMultiplier>0.001</leanMultiplier>
    <nodMultiplier>0.001</nodMultiplier>
    <color0>FFFFFF</color0>
    <color1>FFFFFF</color1>
    <color2>FFFFFF</color2>
    <color3>FFFFFF</color3>
    <classname>Bus Vehicle</classname>
  </VehicleOptions>
  <VehicleOptions name="629401365.CommunityBus_Data">
    <oldversion>true</oldversion>
    <maxSpeed>20</maxSpeed>
    <acceleration>1</acceleration>
    <braking>2</braking>
    <turning>0.2</turning>
    <springs>0.9</springs>
    <dampers>0.5</dampers>
    <leanMultiplier>1</leanMultiplier>
    <nodMultiplier>1</nodMultiplier>
    <color0>76C2C7</color0>
    <color1>B8B08B</color1>
    <color2>243F83</color2>
    <color3>FEC600</color3>
    <capacity>40</capacity>
    <classname>Bus Vehicle</classname>
  </VehicleOptions>
  <VehicleOptions name="2846784266.ibakoRJ_Data">
    <oldversion>true</oldversion>
    <maxSpeed>30</maxSpeed>
    <acceleration>1</acceleration>
    <braking>2</braking>
    <turning>0.2</turning>
    <springs>0.945</springs>
    <dampers>0.33</dampers>
    <leanMultiplier>1</leanMultiplier>
    <nodMultiplier>1</nodMultiplier>
    <useColorVariations>false</useColorVariations>
    <color0>FFFFFF</color0>
    <color1>FFFFFF</color1>
    <color2>FFFFFF</color2>
    <color3>FFFFFF</color3>
    <capacity>80</capacity>
    <classname>Bus Vehicle</classname>
  </VehicleOptions>
  <VehicleOptions name="2588994053.IBARAKI KOTSU_Data">
    <oldversion>true</oldversion>
    <maxSpeed>50</maxSpeed>
    <acceleration>1</acceleration>
    <braking>2</braking>
    <turning>0.2</turning>
    <springs>0.945</springs>
    <dampers>0.33</dampers>
    <leanMultiplier>1</leanMultiplier>
    <nodMultiplier>1</nodMultiplier>
    <useColorVariations>false</useColorVariations>
    <color0>FEFEFE</color0>
    <color1>FEFEFE</color1>
    <color2>FEFEFE</color2>
    <color3>FEFEFE</color3>
    <capacity>50</capacity>
    <classname>Bus Vehicle</classname>
  </VehicleOptions>
  <VehicleOptions name="1452979351.Isuzu Erga HL2ANBD RHD_Data">
    <oldversion>true</oldversion>
    <maxSpeed>20</maxSpeed>
    <acceleration>1</acceleration>
    <braking>2</braking>
    <turning>0.2</turning>
    <springs>0.945</springs>
    <dampers>0.33</dampers>
    <leanMultiplier>1</leanMultiplier>
    <nodMultiplier>1</nodMultiplier>
    <color0>5AA6FE</color0>
    <color1>5AA6FE</color1>
    <color2>5AA6FE</color2>
    <color3>5AA6FE</color3>
    <capacity>75</capacity>
    <classname>Bus Vehicle</classname>
  </VehicleOptions>
  <VehicleOptions name="793930611.TOYOTA HIACE COMMUTER GL_Data">
    <oldversion>true</oldversion>
    <maxSpeed>25</maxSpeed>
    <acceleration>1</acceleration>
    <braking>2</braking>
    <turning>0.2</turning>
    <springs>0.97</springs>
    <dampers>0.7</dampers>
    <leanMultiplier>1</leanMultiplier>
    <nodMultiplier>1</nodMultiplier>
    <useColorVariations>false</useColorVariations>
    <color0>FEFEFE</color0>
    <color1>FEFEFE</color1>
    <color2>FEFEFE</color2>
    <color3>FEFEFE</color3>
    <capacity>13</capacity>
    <classname>Bus Vehicle</classname>
  </VehicleOptions>
  <VehicleOptions name="2065623122.Toyota Hi-Ace Welfare Van_Data">
    <oldversion>true</oldversion>
    <maxSpeed>20</maxSpeed>
    <acceleration>0.5</acceleration>
    <braking>1</braking>
    <turning>0.2</turning>
    <springs>0.9</springs>
    <dampers>0.5</dampers>
    <leanMultiplier>0.5</leanMultiplier>
    <nodMultiplier>0.5</nodMultiplier>
    <useColorVariations>false</useColorVariations>
    <color0>FFB800</color0>
    <color1>FFB800</color1>
    <color2>FFB800</color2>
    <color3>FFB800</color3>
    <capacity>16</capacity>
    <classname>Bus Vehicle</classname>
  </VehicleOptions>
  <VehicleOptions name="Metro">
    <oldversion>true</oldversion>
    <addBackEngine>true</addBackEngine>
    <maxSpeed>20</maxSpeed>
    <acceleration>1</acceleration>
    <braking>2</braking>
    <turning>0.2</turning>
    <springs>0.96</springs>
    <dampers>0.9</dampers>
    <leanMultiplier>-1</leanMultiplier>
    <nodMultiplier>1</nodMultiplier>
    <color0>FFFFFF</color0>
    <color1>FFFFFF</color1>
    <color2>FFFFFF</color2>
    <color3>FFFFFF</color3>
    <capacity>30</capacity>
    <classname>Metro Vehicle</classname>
  </VehicleOptions>
  <VehicleOptions name="Metro Passenger">
    <oldversion>true</oldversion>
    <maxSpeed>20</maxSpeed>
    <acceleration>1</acceleration>
    <braking>2</braking>
    <turning>0.2</turning>
    <springs>0.96</springs>
    <dampers>0.9</dampers>
    <leanMultiplier>-1</leanMultiplier>
    <nodMultiplier>1</nodMultiplier>
    <color0>FFFFFF</color0>
    <color1>FFFFFF</color1>
    <color2>FFFFFF</color2>
    <color3>FFFFFF</color3>
    <capacity>30</capacity>
    <classname>Metro Vehicle</classname>
  </VehicleOptions>
  <VehicleOptions name="Train Cargo Engine">
    <oldversion>true</oldversion>
    <enabled>false</enabled>
    <maxSpeed>24</maxSpeed>
    <acceleration>1</acceleration>
    <braking>2</braking>
    <turning>0.1</turning>
    <springs>0.96</springs>
    <dampers>0.95</dampers>
    <leanMultiplier>-0.75</leanMultiplier>
    <nodMultiplier>1</nodMultiplier>
    <color0>FF8300</color0>
    <color1>FF8300</color1>
    <color2>FF8300</color2>
    <color3>FF8300</color3>
    <capacity>15</capacity>
    <classname>Train Cargo Vehicle</classname>
  </VehicleOptions>
  <VehicleOptions name="Train Cargo">
    <oldversion>true</oldversion>
    <enabled>false</enabled>
    <maxSpeed>24</maxSpeed>
    <acceleration>1</acceleration>
    <braking>2</braking>
    <turning>0.1</turning>
    <springs>0.96</springs>
    <dampers>0.95</dampers>
    <leanMultiplier>-0.75</leanMultiplier>
    <nodMultiplier>1</nodMultiplier>
    <color0>B04601</color0>
    <color1>FF8300</color1>
    <color2>D08432</color2>
    <color3>D0652C</color3>
    <capacity>1</capacity>
    <classname>Train Cargo Vehicle</classname>
  </VehicleOptions>
  <VehicleOptions name="Train Engine">
    <oldversion>true</oldversion>
    <enabled>false</enabled>
    <addBackEngine>true</addBackEngine>
    <maxSpeed>24</maxSpeed>
    <acceleration>1</acceleration>
    <braking>2</braking>
    <turning>0.1</turning>
    <springs>0.96</springs>
    <dampers>0.95</dampers>
    <leanMultiplier>-1.5</leanMultiplier>
    <nodMultiplier>1</nodMultiplier>
    <color0>FF8300</color0>
    <color1>FF8300</color1>
    <color2>FF8300</color2>
    <color3>FF8300</color3>
    <capacity>30</capacity>
    <classname>Train Vehicle</classname>
  </VehicleOptions>
  <VehicleOptions name="Train Passenger">
    <oldversion>true</oldversion>
    <enabled>false</enabled>
    <maxSpeed>24</maxSpeed>
    <acceleration>1</acceleration>
    <braking>2</braking>
    <turning>0.1</turning>
    <springs>0.96</springs>
    <dampers>0.95</dampers>
    <leanMultiplier>-1.5</leanMultiplier>
    <nodMultiplier>1</nodMultiplier>
    <color0>FF8300</color0>
    <color1>FF8300</color1>
    <color2>FF8300</color2>
    <color3>FF8300</color3>
    <capacity>30</capacity>
    <classname>Train Vehicle</classname>
  </VehicleOptions>
  <VehicleOptions name="2188869573.JNR Kiha 30 (General color)_Data">
    <oldversion>true</oldversion>
    <maxSpeed>12.8</maxSpeed>
    <acceleration>0.5</acceleration>
    <braking>1</braking>
    <turning>0.1</turning>
    <springs>0.96</springs>
    <dampers>0.95</dampers>
    <leanMultiplier>-1</leanMultiplier>
    <nodMultiplier>0.5</nodMultiplier>
    <useColorVariations>false</useColorVariations>
    <color0>FF8300</color0>
    <color1>FF8300</color1>
    <color2>FF8300</color2>
    <color3>FF8300</color3>
    <capacity>120</capacity>
    <classname>Train Vehicle</classname>
  </VehicleOptions>
  <VehicleOptions name="2231241358.JNR Kiha 35 (General color)_Data">
    <oldversion>true</oldversion>
    <maxSpeed>12.8</maxSpeed>
    <acceleration>0.5</acceleration>
    <braking>1</braking>
    <turning>0.1</turning>
    <springs>0.96</springs>
    <dampers>0.95</dampers>
    <leanMultiplier>-1</leanMultiplier>
    <nodMultiplier>0.5</nodMultiplier>
    <useColorVariations>false</useColorVariations>
    <color0>FF8300</color0>
    <color1>FF8300</color1>
    <color2>FF8300</color2>
    <color3>FF8300</color3>
    <capacity>120</capacity>
    <classname>Train Vehicle</classname>
  </VehicleOptions>
  <VehicleOptions name="2231241358.TrailerJNR Kiha 35 (General color)0">
    <oldversion>true</oldversion>
    <maxSpeed>12.8</maxSpeed>
    <acceleration>0.5</acceleration>
    <braking>1</braking>
    <turning>0.1</turning>
    <springs>0.96</springs>
    <dampers>0.95</dampers>
    <leanMultiplier>-1</leanMultiplier>
    <nodMultiplier>0.5</nodMultiplier>
    <color0>FF8300</color0>
    <color1>FF8300</color1>
    <color2>FF8300</color2>
    <color3>FF8300</color3>
    <capacity>120</capacity>
    <classname>Train Vehicle</classname>
  </VehicleOptions>
  <VehicleOptions name="1199456900.JRW_Kiha40#2k_Syutoken_Data">
    <oldversion>true</oldversion>
    <enabled>false</enabled>
    <maxSpeed>19</maxSpeed>
    <acceleration>0.8</acceleration>
    <braking>1</braking>
    <turning>0</turning>
    <springs>1</springs>
    <dampers>1</dampers>
    <leanMultiplier>-1.5</leanMultiplier>
    <nodMultiplier>1</nodMultiplier>
    <color0>C3C2FF</color0>
    <color1>74FFEE</color1>
    <color2>BBFFA3</color2>
    <color3>FFF96F</color3>
    <capacity>96</capacity>
    <classname>Train Vehicle</classname>
  </VehicleOptions>
  <VehicleOptions name="2613297204.MRT300_HIMAWARI_GO_Data">
    <oldversion>true</oldversion>
    <maxSpeed>12.8</maxSpeed>
    <acceleration>0.5</acceleration>
    <braking>1</braking>
    <turning>0.1</turning>
    <springs>0.99</springs>
    <dampers>0.99</dampers>
    <leanMultiplier>-0.1</leanMultiplier>
    <nodMultiplier>0.1</nodMultiplier>
    <color0>FF8300</color0>
    <color1>FF8300</color1>
    <color2>FF8300</color2>
    <color3>FF8300</color3>
    <capacity>149</capacity>
    <classname>Train Vehicle</classname>
  </VehicleOptions>
  <VehicleOptions name="456215481.NDC DMU_Data">
    <oldversion>true</oldversion>
    <maxSpeed>12.8</maxSpeed>
    <acceleration>0.5</acceleration>
    <braking>1</braking>
    <turning>0.1</turning>
    <springs>0.96</springs>
    <dampers>0.95</dampers>
    <leanMultiplier>-1</leanMultiplier>
    <nodMultiplier>1</nodMultiplier>
    <useColorVariations>false</useColorVariations>
    <color0>FF8300</color0>
    <color1>FF8300</color1>
    <color2>FF8300</color2>
    <color3>FF8300</color3>
    <capacity>60</capacity>
    <classname>Train Vehicle</classname>
  </VehicleOptions>
  <VehicleOptions name="Ship Cargo">
    <oldversion>true</oldversion>
    <maxSpeed>20</maxSpeed>
    <acceleration>1</acceleration>
    <braking>1</braking>
    <turning>1</turning>
    <springs>0.5</springs>
    <dampers>0.1</dampers>
    <leanMultiplier>0.05</leanMultiplier>
    <nodMultiplier>0.025</nodMultiplier>
    <color0>A63939</color0>
    <color1>4F9B45</color1>
    <color2>6971C4</color2>
    <color3>7624AA</color3>
    <capacity>25</capacity>
    <isLargeVehicle>true</isLargeVehicle>
    <classname>Ship Cargo Vehicle</classname>
  </VehicleOptions>
  <VehicleOptions name="Ship Passenger">
    <oldversion>true</oldversion>
    <maxSpeed>20</maxSpeed>
    <acceleration>1</acceleration>
    <braking>1</braking>
    <turning>1</turning>
    <springs>0.5</springs>
    <dampers>0.1</dampers>
    <leanMultiplier>0.05</leanMultiplier>
    <nodMultiplier>0.025</nodMultiplier>
    <color0>FF7878</color0>
    <color1>41B8FF</color1>
    <color2>9EFF78</color2>
    <color3>D3FFF7</color3>
    <capacity>100</capacity>
    <isLargeVehicle>true</isLargeVehicle>
    <classname>Ship Vehicle</classname>
  </VehicleOptions>
  <VehicleOptions name="Aircraft Passenger">
    <oldversion>true</oldversion>
    <enabled>false</enabled>
    <maxSpeed>48</maxSpeed>
    <acceleration>1.5</acceleration>
    <braking>1.5</braking>
    <turning>0.01</turning>
    <springs>0.8</springs>
    <dampers>0.5</dampers>
    <leanMultiplier>0.2</leanMultiplier>
    <nodMultiplier>0.2</nodMultiplier>
    <color0>FF7777</color0>
    <color1>41B8FF</color1>
    <color2>9DFF77</color2>
    <color3>D4FFF8</color3>
    <capacity>200</capacity>
    <isLargeVehicle>true</isLargeVehicle>
    <classname>Airplane Vehicle</classname>
  </VehicleOptions>
  <VehicleOptions name="ChirpyBirthday Balloon">
    <oldversion>true</oldversion>
    <maxSpeed>5</maxSpeed>
    <acceleration>0.25</acceleration>
    <braking>0.25</braking>
    <turning>0.1</turning>
    <springs>0.15</springs>
    <dampers>0.1</dampers>
    <leanMultiplier>2</leanMultiplier>
    <nodMultiplier>2</nodMultiplier>
    <useColorVariations>false</useColorVariations>
    <color0>FFFFFF</color0>
    <color1>FFFFFF</color1>
    <color2>FFFFFF</color2>
    <color3>FFFFFF</color3>
    <isLargeVehicle>true</isLargeVehicle>
    <classname>ChirpyBirthday Balloon</classname>
  </VehicleOptions>
  <VehicleOptions name="ChirpX Crawler">
    <oldversion>true</oldversion>
    <maxSpeed>1</maxSpeed>
    <acceleration>0.05</acceleration>
    <braking>0.05</braking>
    <turning>0.2</turning>
    <springs>0.9</springs>
    <dampers>0.5</dampers>
    <leanMultiplier>1</leanMultiplier>
    <nodMultiplier>1</nodMultiplier>
    <color0>FFFFFF</color0>
    <color1>FFFFFF</color1>
    <color2>FFFFFF</color2>
    <color3>FFFFFF</color3>
    <isLargeVehicle>true</isLargeVehicle>
    <classname>Monument Facility</classname>
  </VehicleOptions>
  <VehicleOptions name="ChirpX Rocket">
    <oldversion>true</oldversion>
    <maxSpeed>100</maxSpeed>
    <acceleration>1</acceleration>
    <braking>2</braking>
    <turning>0.2</turning>
    <springs>0.9</springs>
    <dampers>0.5</dampers>
    <leanMultiplier>1</leanMultiplier>
    <nodMultiplier>1</nodMultiplier>
    <color0>FFFFFF</color0>
    <color1>FFFFFF</color1>
    <color2>FFFFFF</color2>
    <color3>FFFFFF</color3>
    <isLargeVehicle>true</isLargeVehicle>
    <classname>Monument Facility</classname>
  </VehicleOptions>
</ArrayOfVehicleOptions>