<?xml version="1.0" encoding="utf-8"?>
<TreePropReplacer xmlns:xsi="http://www.w3.org/2001/XMLSchema-instance" xmlns:xsd="http://www.w3.org/2001/XMLSchema">
  <Language>default</Language>
  <WhatsNewVersion>0.9.5.1</WhatsNewVersion>
  <PanelKey KeyCode="98" Control="false" Shift="false" Alt="true" />
  <TreeToolKey KeyCode="116" Control="true" Shift="true" Alt="false" />
  <GroupDefault>0</GroupDefault>
  <RememberPos>false</RememberPos>
  <StopTreeRuining>true</StopTreeRuining>
  <StopPropRuining>true</StopPropRuining>
  <ThinnerWires>true</ThinnerWires>
  <DisableNetworkTreeTool>false</DisableNetworkTreeTool>
</TreePropReplacer>