<?xml version="1.0" encoding="utf-8"?>
<CurbHeightAdjuster xmlns:xsi="http://www.w3.org/2001/XMLSchema-instance" xmlns:xsd="http://www.w3.org/2001/XMLSchema" Version="0">
  <Language>default</Language>
  <WhatsNewVersion>1.6.0.0</WhatsNewVersion>
  <DetailedLogging>false</DetailedLogging>
  <CurbHeight>0.07</CurbHeight>
  <RaiseLODs>false</RaiseLODs>
  <UpdateTramWires>true</UpdateTramWires>
  <EnableBridges>true</EnableBridges>
  <UpdatePillars>true</UpdatePillars>
  <BridgeHeightThreshold>0.55</BridgeHeightThreshold>
  <BridgeHeightScale>0.25</BridgeHeightScale>
  <EnablePaths>true</EnablePaths>
  <PathBaseHeight>0.05</PathBaseHeight>
  <PathCurbHeight>0.05</PathCurbHeight>
  <PathLods>false</PathLods>
</CurbHeightAdjuster>