<?xml version="1.0" encoding="utf-8"?>
<ModConfiguration xmlns:xsi="http://www.w3.org/2001/XMLSchema-instance" xmlns:xsd="http://www.w3.org/2001/XMLSchema">
  <FontName>Meiryo</FontName>
  <BaseSize>16</BaseSize>
  <IncreaseSize>true</IncreaseSize>
  <LabelTexts>
    <LabelText Language="Default">Font/BaseSize</LabelText>
    <LabelText Language="English">Font/BaseSize</LabelText>
    <LabelText Language="French">Police/Taille</LabelText>
    <LabelText Language="German">Schrift/Größe</LabelText>
    <LabelText Language="Spanish">Fuente/Tamaño</LabelText>
    <LabelText Language="Polish">Czcionka/Rozmiar</LabelText>
    <LabelText Language="PORTUGUÊS">Tipo/Tamanho</LabelText>
    <LabelText Language="РУССКИЙ">Шрифт/Размер</LabelText>
    <LabelText Language="Japanese">フォント/基本サイズ</LabelText>
    <LabelText Language="Simplified Chinese">字体/基本大小</LabelText>
    <LabelText Language="Thai">แบบอักษร/ขนาด</LabelText>
  </LabelTexts>
  <LabelTexts2>
    <LabelText Language="Default">Increase size of small texts</LabelText>
    <LabelText Language="English">Increase size of small texts</LabelText>
    <LabelText Language="French">Augmenter taille de petits textes</LabelText>
    <LabelText Language="German">Erhöhen Größe von kleinen Texten</LabelText>
    <LabelText Language="Spanish">Aumentar el tamaño de los textos pequeños</LabelText>
    <LabelText Language="Polish">Zwiększyć rozmiar małych tekstów</LabelText>
    <LabelText Language="PORTUGUÊS">Aumente o tamanho de pequenos textos</LabelText>
    <LabelText Language="РУССКИЙ">Увеличение размера малого текстов</LabelText>
    <LabelText Language="Japanese">小さなテキストを大きくする</LabelText>
    <LabelText Language="Simplified Chinese">增加小文字的大小</LabelText>
    <LabelText Language="Thai">เพิ่มขนาดของข้อความขนาดเล็ก</LabelText>
  </LabelTexts2>
</ModConfiguration>