<?xml version="1.0" encoding="utf-8"?>
<ForestBrush xmlns:xsi="http://www.w3.org/2001/XMLSchema-instance" xmlns:xsd="http://www.w3.org/2001/XMLSchema">
  <PanelPosX>35</PanelPosX>
  <PanelPosY>227.000061</PanelPosY>
  <BrushShapesOpen>false</BrushShapesOpen>
  <BrushEditOpen>true</BrushEditOpen>
  <BrushOptionsOpen>true</BrushOptionsOpen>
  <ShowTreeMeshData>true</ShowTreeMeshData>
  <Sorting>Name</Sorting>
  <SortingOrder>Ascending</SortingOrder>
  <FilterStyle>AND</FilterStyle>
  <SelectedBrush>下草2</SelectedBrush>
  <KeepTreesInNewBrush>false</KeepTreesInNewBrush>
  <IgnoreVanillaTrees>false</IgnoreVanillaTrees>
  <ShowInfoTooltip>true</ShowInfoTooltip>
  <PlayEffect>true</PlayEffect>
  <ChargeMoney>true</ChargeMoney>
  <ShowBrushTrees>false</ShowBrushTrees>
  <ToggleTool>
    <Name>toggleTool</Name>
    <Key>B</Key>
    <Control>false</Control>
    <Shift>false</Shift>
    <Alt>true</Alt>
  </ToggleTool>
  <Brushes>
    <Brush>
      <Name>ブッシュ</Name>
      <Trees>
        <Tree>
          <Name>1674518352.Wild Hedge Medium_Data</Name>
          <Probability>70</Probability>
        </Tree>
        <Tree>
          <Name>1674518352.Wild Hedge Medium D_Data</Name>
          <Probability>30</Probability>
        </Tree>
      </Trees>
      <Options>
        <Size>48</Size>
        <Strength>0.199999988</Strength>
        <Density>8</Density>
        <AutoDensity>true</AutoDensity>
        <BitmapID>01</BitmapID>
      </Options>
    </Brush>
    <Brush>
      <Name>下草2</Name>
      <Trees>
        <Tree>
          <Name>2560612802.wy-Botany005-B_Data</Name>
          <Probability>100</Probability>
        </Tree>
        <Tree>
          <Name>1928787248.Weed Bush_Data</Name>
          <Probability>100</Probability>
        </Tree>
        <Tree>
          <Name>1681190031.Fluffy Grass_Data</Name>
          <Probability>100</Probability>
        </Tree>
        <Tree>
          <Name>1681190031.Fluffy Grass Dry_Data</Name>
          <Probability>100</Probability>
        </Tree>
        <Tree>
          <Name>1928787248.Weeds 3_Data</Name>
          <Probability>100</Probability>
        </Tree>
      </Trees>
      <Options>
        <Size>1</Size>
        <Strength>0.64</Strength>
        <Density>13.83</Density>
        <AutoDensity>true</AutoDensity>
        <BitmapID>01</BitmapID>
      </Options>
    </Brush>
    <Brush>
      <Name>鬱そう</Name>
      <Trees>
        <Tree>
          <Name>2278667930.Hazel Large Bush _Data</Name>
          <Probability>100</Probability>
        </Tree>
        <Tree>
          <Name>2278667930.Hazel Tree Young_Data</Name>
          <Probability>100</Probability>
        </Tree>
        <Tree>
          <Name>2278667930.Hazel Large Tree_Data</Name>
          <Probability>100</Probability>
        </Tree>
        <Tree>
          <Name>963853793.lp7 extra full _Data</Name>
          <Probability>100</Probability>
        </Tree>
        <Tree>
          <Name>963853793.Lp4 twin trunk medium _Data</Name>
          <Probability>100</Probability>
        </Tree>
      </Trees>
      <Options>
        <Size>24</Size>
        <Strength>0.48999998</Strength>
        <Density>8.094999</Density>
        <AutoDensity>true</AutoDensity>
        <BitmapID>01</BitmapID>
      </Options>
    </Brush>
  </Brushes>
</ForestBrush>