<?xml version="1.0" encoding="utf-8"?>
<NetworkSkinsSettings xmlns:xsi="http://www.w3.org/2001/XMLSchema-instance" xmlns:xsd="http://www.w3.org/2001/XMLSchema">
  <SaveActiveSelectionGlobally>true</SaveActiveSelectionGlobally>
  <HideBlacklisted>false</HideBlacklisted>
  <DisplayAtSelected>true</DisplayAtSelected>
  <LanePositionLocked>false</LanePositionLocked>
  <ToolbarPosition>
    <x>1891</x>
    <y>177</y>
  </ToolbarPosition>
  <Favourites>
    <ArrayOfString />
    <ArrayOfString />
    <ArrayOfString />
    <ArrayOfString />
    <ArrayOfString />
    <ArrayOfString />
  </Favourites>
  <Blacklisted>
    <ArrayOfString />
    <ArrayOfString />
    <ArrayOfString />
    <ArrayOfString />
    <ArrayOfString />
    <ArrayOfString />
  </Blacklisted>
  <Swatches />
  <SavedSwatches />
  <GlobalActiveSelectionData>
    <KeyValuePairOfValueKeyString>
      <Key>
        <PrefabName>2253197744.YDrailway-w-grco-1x2-n_Data</PrefabName>
        <Key>Catenary</Key>
      </Key>
      <Value>#NONE#</Value>
    </KeyValuePairOfValueKeyString>
    <KeyValuePairOfValueKeyString>
      <Key>
        <PrefabName>2253197744.YDrailway-w-grco-1x2_Data</PrefabName>
        <Key>Catenary</Key>
      </Key>
      <Value>#NONE#</Value>
    </KeyValuePairOfValueKeyString>
    <KeyValuePairOfValueKeyString>
      <Key>
        <PrefabName>2253197744.YDrailway-w-grco-1x2 B</PrefabName>
        <Key>Pillar_Bridge</Key>
      </Key>
      <Value>1659753747.RailwayBridgePillar</Value>
    </KeyValuePairOfValueKeyString>
  </GlobalActiveSelectionData>
</NetworkSkinsSettings>