<?xml version="1.0" encoding="utf-8"?>
<TrueLodTogglerConfiguration>
  <TreeLodDistance>300</TreeLodDistance>
  <PropLodDistance>400</PropLodDistance>
  <DecalPropFadeDistance>1500</DecalPropFadeDistance>
  <BuildingLodDistance>2000</BuildingLodDistance>
  <NetworkLodDistance>1000</NetworkLodDistance>
  <VehicleLodDistance>500</VehicleLodDistance>
  <VehicleRenderDistance>1250</VehicleRenderDistance>
  <ShadowDistance>1500</ShadowDistance>
  <VanillaModeOnStartup>true</VanillaModeOnStartup>
  <FreeCameraButtonDisplay>false</FreeCameraButtonDisplay>
</TrueLodTogglerConfiguration>