<?xml version="1.0" encoding="utf-8"?>
<Options xmlns:xsi="http://www.w3.org/2001/XMLSchema-instance" xmlns:xsd="http://www.w3.org/2001/XMLSchema">
  <unlockUniqueBuildings>true</unlockUniqueBuildings>
  <unlockDeluxeLandmarks>true</unlockDeluxeLandmarks>
  <unlockEuroLandmarks>true</unlockEuroLandmarks>
  <unlockWonders>true</unlockWonders>
  <unlockAfterDarkLandmarks>true</unlockAfterDarkLandmarks>
  <unlockSnowfallLandmarks>true</unlockSnowfallLandmarks>
  <unlockNaturalDisastersLandmarks>true</unlockNaturalDisastersLandmarks>
  <unlockMassTransitLandmarks>true</unlockMassTransitLandmarks>
  <unlockGreenCitiesLandmarks>true</unlockGreenCitiesLandmarks>
  <unlockConcertsLandmarks>true</unlockConcertsLandmarks>
  <unlockParklifeLandmarks>true</unlockParklifeLandmarks>
</Options>