<?xml version="1.0" encoding="utf-8"?>
<YetAnotherToolbar xmlns:xsi="http://www.w3.org/2001/XMLSchema-instance" xmlns:xsd="http://www.w3.org/2001/XMLSchema">
  <toolbarScale>1</toolbarScale>
  <numOfRows>4</numOfRows>
  <numOfCols>7</numOfCols>
  <verticalOffset>-20</verticalOffset>
  <horizontalOffset>50</horizontalOffset>
  <expanded>false</expanded>
  <hideMainButton>false</hideMainButton>
  <integrateMainButtonUUI>false</integrateMainButtonUUI>
  <hideAdvisorButton>false</hideAdvisorButton>
  <hideFilterPanels>false</hideFilterPanels>
  <disableUpdateNotice>false</disableUpdateNotice>
  <LastUpdateNotice>20210921</LastUpdateNotice>
  <backgroundOption>6</backgroundOption>
  <thumbnailBarBackgroundOption>0</thumbnailBarBackgroundOption>
  <tsBarBackgroundOption>0</tsBarBackgroundOption>
  <infoPanelBackgroundOption>0</infoPanelBackgroundOption>
  <mainButtonX>531</mainButtonX>
  <mainButtonY>948</mainButtonY>
  <modeToggleKey KeyCode="116" Control="false" Shift="false" Alt="true" />
  <quickMenuKey KeyCode="113" Control="false" Shift="false" Alt="true" />
  <hideMenuKey KeyCode="32" Control="false" Shift="false" Alt="true" />
  <Language>ja</Language>
</YetAnotherToolbar>