<?xml version="1.0" encoding="utf-8"?>
<ZoningAdjuster xmlns:xsi="http://www.w3.org/2001/XMLSchema-instance" xmlns:xsd="http://www.w3.org/2001/XMLSchema" Version="0">
  <Language>default</Language>
  <WhatsNewVersion>1.5.5.0</WhatsNewVersion>
  <PanelKey KeyCode="122" Control="false" Shift="false" Alt="true" />
  <OffsetKey>0</OffsetKey>
  <ShowOnRoad>true</ShowOnRoad>
  <PanelX>1579</PanelX>
  <PanelY>666</PanelY>
  <ButtonX>392.7569</ButtonX>
  <ButtonY>810.666138</ButtonY>
  <ShowPanelButton>true</ShowPanelButton>
</ZoningAdjuster>