<?xml version="1.0" encoding="utf-8"?>
<GlobalConfig xmlns:xsi="http://www.w3.org/2001/XMLSchema-instance" xmlns:xsd="http://www.w3.org/2001/XMLSchema">
  <GeneralConfig>
    <Language>game_language</Language>
    <Version>1</Version>
    <ReportPath>C:/Program Files (x86)/Steam/steamapps/common/Cities_Skylines/Cities_Data</ReportPath>
    <ReportSortByName>true</ReportSortByName>
    <TextReportWidth>90</TextReportWidth>
    <HtmlReport>true</HtmlReport>
    <TextReport>false</TextReport>
    <OpenHtmlReportInSteamOverlay>false</OpenHtmlReportInSteamOverlay>
    <ReportType>0</ReportType>
    <DownloadFrequency>0</DownloadFrequency>
  </GeneralConfig>
  <UpdaterConfig>
    <SteamMaxFailedPages>4</SteamMaxFailedPages>
    <SteamMaxListingPages>300</SteamMaxListingPages>
    <EstimatedMillisecondsPerModPage>500</EstimatedMillisecondsPerModPage>
    <DaysOfInactivityToRetireAuthor>365</DaysOfInactivityToRetireAuthor>
    <WeeksForSoonRetired>2</WeeksForSoonRetired>
  </UpdaterConfig>
  <AdvancedConfig>
    <DownloadRetries>4</DownloadRetries>
    <UploadRetries>2</UploadRetries>
    <ScanBeforeMainMenu>true</ScanBeforeMainMenu>
    <DebugMode>false</DebugMode>
    <LogMaxSize>102400</LogMaxSize>
  </AdvancedConfig>
</GlobalConfig>