<?xml version="1.0" encoding="utf-8"?>
<ModConfig>
  <ConfigUpdated>false</ConfigUpdated>
  <ShowStatistics>true</ShowStatistics>
  <RestrictNews>true</RestrictNews>
  <RestrictAdvertising>true</RestrictAdvertising>
  <RestrictUserGeneratedContentDetails>true</RestrictUserGeneratedContentDetails>
  <HideMenuBackground>false</HideMenuBackground>
  <NewsPanelOpacity>0</NewsPanelOpacity>
  <AccountPanelOpacity>0</AccountPanelOpacity>
  <DLCPanelOpacity>0</DLCPanelOpacity>
  <WorkshopPanelOpacity>0</WorkshopPanelOpacity>
  <HideChirper>true</HideChirper>
  <UpdateUserGeneratedContentDetailsWhenBrowsing>true</UpdateUserGeneratedContentDetailsWhenBrowsing>
</ModConfig>