<?xml version="1.0" encoding="utf-8"?>
<Configuration xmlns:xsi="http://www.w3.org/2001/XMLSchema-instance" xmlns:xsd="http://www.w3.org/2001/XMLSchema">
  <version>1.5.2</version>
  <keyboardShortcut>0</keyboardShortcut>
  <buttonPos>
    <x>-9999</x>
    <y>-9999</y>
    <z>-9999</z>
  </buttonPos>
  <loadLastPresetOnStart>true</loadLastPresetOnStart>
  <enableSimulationControl>true</enableSimulationControl>
  <outputDebug>false</outputDebug>
  <lastPreset>Standard</lastPreset>
  <Presets>
    <Preset name="Standard">
      <ambient_height>35.6</ambient_height>
      <ambient_rotation>-68.64</ambient_rotation>
      <ambient_intensity>5.1975</ambient_intensity>
      <ambient_ambient>1.29650009</ambient_ambient>
      <weather>false</weather>
      <weather_rainintensity>0</weather_rainintensity>
      <weather_rainmotionblur>false</weather_rainmotionblur>
      <weather_fogintensity>0.199999988</weather_fogintensity>
      <weather_snowintensity>0</weather_snowintensity>
      <color_selectedlut>1209581656.RelightNeutral</color_selectedlut>
      <color_lut>false</color_lut>
      <color_tonemapping>false</color_tonemapping>
      <color_bloom>false</color_bloom>
    </Preset>
  </Presets>
</Configuration>