<?xml version="1.0" encoding="utf-8"?>
<FindIt xmlns:xsi="http://www.w3.org/2001/XMLSchema-instance" xmlns:xsd="http://www.w3.org/2001/XMLSchema">
  <UnlockAll>true</UnlockAll>
  <CenterToolbar>true</CenterToolbar>
  <UseDefaultBrowser>false</UseDefaultBrowser>
  <HideExtraUIonVP>false</HideExtraUIonVP>
  <DisableInstantSearch>false</DisableInstantSearch>
  <ResetPanelWhenClosed>false</ResetPanelWhenClosed>
  <RecentDLSorting>3</RecentDLSorting>
  <CustomTagListSort>false</CustomTagListSort>
  <AssetCreatorListSort>false</AssetCreatorListSort>
  <ShowInstancesCounter>false</ShowInstancesCounter>
  <InstanceCounterSort>0</InstanceCounterSort>
  <IncludePOinstances>false</IncludePOinstances>
  <UseLightBackground>false</UseLightBackground>
  <ShowSearchTabs>true</ShowSearchTabs>
  <DisableUpdateNotice>false</DisableUpdateNotice>
  <DisableSecondaryKeyboardShortcuts>true</DisableSecondaryKeyboardShortcuts>
  <UseRelevanceSort>false</UseRelevanceSort>
  <UseWorkshopFilter>true</UseWorkshopFilter>
  <UseVanillaFilter>true</UseVanillaFilter>
  <HideDependencyAsset>false</HideDependencyAsset>
  <LastUpdateNotice>20221216</LastUpdateNotice>
  <ShowAssetTypePanel>true</ShowAssetTypePanel>
  <AssetTypePanelX>-78</AssetTypePanelX>
  <AssetTypePanelY>-75.00037</AssetTypePanelY>
  <SearchKey KeyCode="102" Control="true" Shift="false" Alt="false" />
  <AllKey KeyCode="49" Control="false" Shift="false" Alt="true" />
  <NetworkKey KeyCode="50" Control="false" Shift="false" Alt="true" />
  <PloppableKey KeyCode="51" Control="false" Shift="false" Alt="true" />
  <GrowableKey KeyCode="52" Control="false" Shift="false" Alt="true" />
  <RicoKey KeyCode="53" Control="false" Shift="false" Alt="true" />
  <GrwbRicoKey KeyCode="54" Control="false" Shift="false" Alt="true" />
  <PropKey KeyCode="55" Control="false" Shift="false" Alt="true" />
  <DecalKey KeyCode="56" Control="false" Shift="false" Alt="true" />
  <TreeKey KeyCode="57" Control="false" Shift="false" Alt="true" />
  <RandomSelectionKey KeyCode="118" Control="false" Shift="false" Alt="true" />
  <Language>default</Language>
</FindIt>