<?xml version="1.0" encoding="utf-8"?>
<GarbageBinRemover xmlns:xsi="http://www.w3.org/2001/XMLSchema-instance" xmlns:xsd="http://www.w3.org/2001/XMLSchema" Version="0">
  <Language>default</Language>
  <WhatsNewVersion>0.0</WhatsNewVersion>
  <Configurations>
    <Configuration Prefab="global">
      <HideBins>true</HideBins>
      <PropName>random</PropName>
      <BinThreshold>500</BinThreshold>
      <BinCapacity>1000</BinCapacity>
      <MaxBins>8</MaxBins>
      <RenderRange>500</RenderRange>
      <OffsetX>0.4</OffsetX>
      <OffsetZ>0</OffsetZ>
      <Spacing>0.4</Spacing>
      <FromRight>false</FromRight>
      <RandomRotation>false</RandomRotation>
    </Configuration>
  </Configurations>
</GarbageBinRemover>