<?xml version="1.0" encoding="utf-8"?>
<ModConfig>
  <ConfigUpdated>false</ConfigUpdated>
  <EnforcePropsHiding>false</EnforcePropsHiding>
  <EnforceRuiningsHiding>false</EnforceRuiningsHiding>
  <EnforceSpriteDecorationsHiding>false</EnforceSpriteDecorationsHiding>
  <InfoViewsButton>false</InfoViewsButton>
  <DisastersButton>false</DisastersButton>
  <ChirperButton>true</ChirperButton>
  <RadioButton>true</RadioButton>
  <GearButton>false</GearButton>
  <ZoomButton>false</ZoomButton>
  <UnlockButton>true</UnlockButton>
  <AdvisorButton>true</AdvisorButton>
  <BulldozerButton>false</BulldozerButton>
  <CinematicCameraButton>false</CinematicCameraButton>
  <FreeCameraButton>false</FreeCameraButton>
  <CongratulationPanel>true</CongratulationPanel>
  <AdvisorPanel>true</AdvisorPanel>
  <TimePanel>false</TimePanel>
  <ZoomAndUnlockBackground>false</ZoomAndUnlockBackground>
  <Separators>false</Separators>
  <Seagulls>true</Seagulls>
  <Wildlife>true</Wildlife>
  <Flags>false</Flags>
  <Ads>false</Ads>
  <Billboards>false</Billboards>
  <Neons>false</Neons>
  <Logos>false</Logos>
  <Smoke>false</Smoke>
  <Steam>false</Steam>
  <SolarPanels>false</SolarPanels>
  <HvacSystems>false</HvacSystems>
  <ParkingSpaces>false</ParkingSpaces>
  <AbandonedAndDestroyedCars>false</AbandonedAndDestroyedCars>
  <CargoContainers>false</CargoContainers>
  <GarbageContainers>false</GarbageContainers>
  <GarbageBinsAndCans>false</GarbageBinsAndCans>
  <GarbagePiles>false</GarbagePiles>
  <Tanks>false</Tanks>
  <Barrels>false</Barrels>
  <Pallets>false</Pallets>
  <Crates>false</Crates>
  <Planks>false</Planks>
  <CableReels>false</CableReels>
  <Hedges>false</Hedges>
  <Fences>false</Fences>
  <Gates>false</Gates>
  <Mailboxes>false</Mailboxes>
  <Chairs>false</Chairs>
  <Tables>false</Tables>
  <Parasols>false</Parasols>
  <Grills>false</Grills>
  <Sandboxes>false</Sandboxes>
  <Swings>false</Swings>
  <SwimmingPools>false</SwimmingPools>
  <PotsAndBeds>false</PotsAndBeds>
  <Delineators>false</Delineators>
  <RoadArrows>false</RoadArrows>
  <TramArrows>false</TramArrows>
  <BikeLanes>false</BikeLanes>
  <BusLanes>false</BusLanes>
  <Manholes>false</Manholes>
  <BusStops>false</BusStops>
  <SightseeingBusStops>false</SightseeingBusStops>
  <TramStops>false</TramStops>
  <RailwayCrossings>false</RailwayCrossings>
  <StreetNameSigns>false</StreetNameSigns>
  <StopSigns>false</StopSigns>
  <TurnSigns>false</TurnSigns>
  <SpeedLimitSigns>false</SpeedLimitSigns>
  <NoParkingSigns>false</NoParkingSigns>
  <HighwaySigns>false</HighwaySigns>
  <PedestrianAndBikeStreetLights>false</PedestrianAndBikeStreetLights>
  <RoadStreetLights>false</RoadStreetLights>
  <AvenueStreetLights>false</AvenueStreetLights>
  <HighwayStreetLights>false</HighwayStreetLights>
  <RunwayLights>false</RunwayLights>
  <TaxiwayLights>false</TaxiwayLights>
  <WarningLights>false</WarningLights>
  <RandomStreetDecorations>false</RandomStreetDecorations>
  <Buoys>false</Buoys>
  <CliffDecoration>true</CliffDecoration>
  <FertileDecoration>true</FertileDecoration>
  <GrassDecoration>true</GrassDecoration>
  <TreeRuining>false</TreeRuining>
  <PropRuining>false</PropRuining>
  <AutoUpdateTreeRuiningAtLoad>false</AutoUpdateTreeRuiningAtLoad>
  <AutoUpdatePropRuiningAtLoad>false</AutoUpdatePropRuiningAtLoad>
  <GrassFertilityGroundColor>false</GrassFertilityGroundColor>
  <GrassFieldGroundColor>false</GrassFieldGroundColor>
  <GrassForestGroundColor>false</GrassForestGroundColor>
  <GrassPollutionGroundColor>false</GrassPollutionGroundColor>
  <DirtyWaterColor>false</DirtyWaterColor>
  <OreArea>true</OreArea>
  <OilArea>true</OilArea>
  <SandArea>true</SandArea>
  <FertilityArea>true</FertilityArea>
  <ForestArea>false</ForestArea>
  <ShoreArea>false</ShoreArea>
  <PollutedArea>false</PollutedArea>
  <BurnedArea>false</BurnedArea>
  <DestroyedArea>false</DestroyedArea>
  <PollutionFog>false</PollutionFog>
  <VolumeFog>false</VolumeFog>
  <DistanceFog>false</DistanceFog>
  <EdgeFog>false</EdgeFog>
</ModConfig>