﻿<?xml version="1.0" encoding="UTF-8" standalone="yes"?>
<InfiniteGoods>
  <Version>5.0</Version>
  <Settings>
    <CommercialGoods>True</CommercialGoods>
    <CommercialLuxuryProducts>False</CommercialLuxuryProducts>
    <SpecializedIndustryOil>False</SpecializedIndustryOil>
    <SpecializedIndustryOre>False</SpecializedIndustryOre>
    <SpecializedIndustryGrain>False</SpecializedIndustryGrain>
    <SpecializedIndustryLogs>False</SpecializedIndustryLogs>
    <GenericIndustryPetrol>False</GenericIndustryPetrol>
    <GenericIndustryCoal>False</GenericIndustryCoal>
    <GenericIndustryFood>False</GenericIndustryFood>
    <GenericIndustryLumber>False</GenericIndustryLumber>
    <ShelterGoods>False</ShelterGoods>
    <PloppedIndustryOil>False</PloppedIndustryOil>
    <PloppedIndustryOre>False</PloppedIndustryOre>
    <PloppedIndustryGrain>False</PloppedIndustryGrain>
    <PloppedIndustryLogs>False</PloppedIndustryLogs>
    <UniqueIndustryAnimalProducts>False</UniqueIndustryAnimalProducts>
    <UniqueIndustryFlours>False</UniqueIndustryFlours>
    <UniqueIndustryPaper>False</UniqueIndustryPaper>
    <UniqueIndustryPlanedTimber>False</UniqueIndustryPlanedTimber>
    <UniqueIndustryPetroleum>False</UniqueIndustryPetroleum>
    <UniqueIndustryPlastics>False</UniqueIndustryPlastics>
    <UniqueIndustryGlass>False</UniqueIndustryGlass>
    <UniqueIndustryMetals>False</UniqueIndustryMetals>
    <UniqueIndustryGrain>False</UniqueIndustryGrain>
    <FishingHarbor>False</FishingHarbor>
    <FishingFarm>False</FishingFarm>
    <FishingMarket>False</FishingMarket>
    <FishingProcessing>False</FishingProcessing>
  </Settings>
</InfiniteGoods>