<?xml version="1.0" encoding="utf-8"?>
<Settings xmlns:xsi="http://www.w3.org/2001/XMLSchema-instance" xmlns:xsd="http://www.w3.org/2001/XMLSchema">
  <version>10</version>
  <loadEnabled>true</loadEnabled>
  <loadUsed>true</loadUsed>
  <shareTextures>true</shareTextures>
  <shareMaterials>true</shareMaterials>
  <shareMeshes>true</shareMeshes>
  <optimizeThumbs>true</optimizeThumbs>
  <reportAssets>true</reportAssets>
  <checkAssets>true</checkAssets>
  <reportDir>C:\Users\ML_05\AppData\Local\Colossal Order\Cities_Skylines\Report\LoadingScreenMod</reportDir>
  <skipPrefabs>false</skipPrefabs>
  <skipFile>C:\Users\ML_05\AppData\Local\Colossal Order\Cities_Skylines\SkippedPrefabs\skip.txt</skipFile>
  <hideAssets>false</hideAssets>
  <useReportDate>true</useReportDate>
</Settings>