<?xml version="1.0" encoding="utf-8"?>
<BloomConfig xmlns:xsi="http://www.w3.org/2001/XMLSchema-instance" xmlns:xsd="http://www.w3.org/2001/XMLSchema">
  <bloomEnabled>false</bloomEnabled>
  <intensity>1.38636363</intensity>
  <threshhold>0.2886364</threshhold>
  <blurIterations>5</blurIterations>
  <blurSpread>1.040909</blurSpread>
  <lensflareEnabled>false</lensflareEnabled>
  <lensflareIntensity>1.31363642</lensflareIntensity>
  <lensflareThreshold>0.381818175</lensflareThreshold>
  <lensflareStretchWidth>1.40909088</lensflareStretchWidth>
  <lensflareSaturation>0.5</lensflareSaturation>
  <lensflareRotation>0</lensflareRotation>
  <lensflareBlurIterations>1</lensflareBlurIterations>
  <lensFlareStyle>Anamorphic</lensFlareStyle>
  <lensflareSun>false</lensflareSun>
</BloomConfig>