<?xml version="1.0" encoding="UTF-8"?>
<gml:Dictionary xmlns:xsi="http://www.w3.org/2001/XMLSchema-instance" xmlns:gml="http://www.opengis.net/gml" xsi:schemaLocation="http://www.opengis.net/gml http://schemas.opengis.net/gml/3.1.1/profiles/SimpleDictionary/1.0.0/gmlSimpleDictionaryProfile.xsd" gml:id="cl_6293124c-801c-11ec-a8a3-0243ac120002">
	<gml:name>AuxiliaryTrafficArea_function</gml:name>
<gml:dictionaryEntry>
  <gml:Definition gml:id="id1">
   <gml:description>車道部</gml:description>
   <gml:name>1000</gml:name>
  </gml:Definition>
 </gml:dictionaryEntry>
<gml:dictionaryEntry>
  <gml:Definition gml:id="id2">
   <gml:description>非常駐車帯</gml:description>
   <gml:name>1060</gml:name>
  </gml:Definition>
 </gml:dictionaryEntry>
<gml:dictionaryEntry>
  <gml:Definition gml:id="id3">
   <gml:description>中央帯</gml:description>
   <gml:name>1080</gml:name>
  </gml:Definition>
 </gml:dictionaryEntry>
<gml:dictionaryEntry>
  <gml:Definition gml:id="id4">
   <gml:description>側帯</gml:description>
   <gml:name>1090</gml:name>
  </gml:Definition>
 </gml:dictionaryEntry>
<gml:dictionaryEntry>
  <gml:Definition gml:id="id5">
   <gml:description>路肩</gml:description>
   <gml:name>1100</gml:name>
  </gml:Definition>
 </gml:dictionaryEntry>
<gml:dictionaryEntry>
  <gml:Definition gml:id="id6">
   <gml:description>停車帯</gml:description>
   <gml:name>1110</gml:name>
  </gml:Definition>
 </gml:dictionaryEntry>
<gml:dictionaryEntry>
  <gml:Definition gml:id="id7">
   <gml:description>乗合自動車停車所</gml:description>
   <gml:name>1120</gml:name>
  </gml:Definition>
 </gml:dictionaryEntry>
<gml:dictionaryEntry>
  <gml:Definition gml:id="id8">
   <gml:description>歩道部の段差</gml:description>
   <gml:name>2000</gml:name>
  </gml:Definition>
 </gml:dictionaryEntry>
<gml:dictionaryEntry>
  <gml:Definition gml:id="id12">
   <gml:description>島</gml:description>
   <gml:name>3000</gml:name>
  </gml:Definition>
 </gml:dictionaryEntry>
<gml:dictionaryEntry>
  <gml:Definition gml:id="id13">
   <gml:description>交通島</gml:description>
   <gml:name>3010</gml:name>
  </gml:Definition>
 </gml:dictionaryEntry>
<gml:dictionaryEntry>
  <gml:Definition gml:id="id14">
   <gml:description>分離帯</gml:description>
   <gml:name>3020</gml:name>
  </gml:Definition>
 </gml:dictionaryEntry>
<gml:dictionaryEntry>
  <gml:Definition gml:id="id15">
   <gml:description>路面電車停車所</gml:description>
   <gml:name>4000</gml:name>
  </gml:Definition>
 </gml:dictionaryEntry>
<gml:dictionaryEntry>
  <gml:Definition gml:id="id16">
   <gml:description>植栽</gml:description>
   <gml:name>5000</gml:name>
  </gml:Definition>
 </gml:dictionaryEntry>
<gml:dictionaryEntry>
  <gml:Definition gml:id="id17">
   <gml:description>植樹帯</gml:description>
   <gml:name>5010</gml:name>
  </gml:Definition>
 </gml:dictionaryEntry>
<gml:dictionaryEntry>
  <gml:Definition gml:id="id18">
   <gml:description>植樹ます</gml:description>
   <gml:name>5020</gml:name>
  </gml:Definition>
 </gml:dictionaryEntry>
<gml:dictionaryEntry>
  <gml:Definition gml:id="id19">
   <gml:description>自転車駐車場</gml:description>
   <gml:name>6000</gml:name>
  </gml:Definition>
 </gml:dictionaryEntry>
<gml:dictionaryEntry>
  <gml:Definition gml:id="id20">
   <gml:description>自動車駐車場</gml:description>
   <gml:name>7000</gml:name>
  </gml:Definition>
 </gml:dictionaryEntry>
</gml:Dictionary>
