<?xml version="1.0" encoding="UTF-8"?>
<gml:Dictionary xmlns:xsi="http://www.w3.org/2001/XMLSchema-instance" xmlns:gml="http://www.opengis.net/gml" xsi:schemaLocation="http://www.opengis.net/gml http://schemas.opengis.net/gml/3.1.1/profiles/SimpleDictionary/1.0.0/gmlSimpleDictionaryProfile.xsd" gml:id="cl_4073ba76-801b-11ec-a8a3-0242ac120002">
	<gml:name>BuildingLandSlideRiskAttribute_areaType</gml:name>
<gml:dictionaryEntry><gml:Definition gml:id="id1"><gml:description>土砂災害警戒区域（指定済）</gml:description><gml:name>1</gml:name>
  </gml:Definition>
 </gml:dictionaryEntry>
<gml:dictionaryEntry><gml:Definition gml:id="id2"><gml:description>土砂災害特別警戒区域（指定済）</gml:description><gml:name>2</gml:name>
  </gml:Definition>
 </gml:dictionaryEntry>
 <gml:dictionaryEntry><gml:Definition gml:id="id3"><gml:description>土砂災害警戒区域（指定前）</gml:description><gml:name>3</gml:name>
  </gml:Definition>
 </gml:dictionaryEntry>
 <gml:dictionaryEntry><gml:Definition gml:id="id4"><gml:description>土砂災害特別警戒区域（指定前）</gml:description><gml:name>4</gml:name>
  </gml:Definition>
 </gml:dictionaryEntry>
</gml:Dictionary>
