﻿<?xml version="1.0" encoding="UTF-8"?>
<gml:Dictionary xmlns:xsi="http://www.w3.org/2001/XMLSchema-instance" xmlns:gml="http://www.opengis.net/gml" xsi:schemaLocation="http://www.opengis.net/gml http://schemas.opengis.net/gml/3.1.1/profiles/SimpleDictionary/1.0.0/gmlSimpleDictionaryProfile.xsd" gml:id="cl_ad6771ca-f21a-4b62-abb5-32c686b4641f">
	<gml:name>CityObjectGroup_usage</gml:name>
	<gml:dictionaryEntry>
		<gml:Definition gml:id="id1">
			<gml:description>3次元空間におけるゾーニングの可視化</gml:description>
			<gml:name>1</gml:name>
		</gml:Definition>
	</gml:dictionaryEntry>
	<gml:dictionaryEntry>
		<gml:Definition gml:id="id2">
			<gml:description>都市計画基礎調査データの格納</gml:description>
			<gml:name>2</gml:name>
		</gml:Definition>
	</gml:dictionaryEntry>
	<gml:dictionaryEntry>
		<gml:Definition gml:id="id3">
			<gml:description>災害リスクの3次元可視化</gml:description>
			<gml:name>3</gml:name>
		</gml:Definition>
	</gml:dictionaryEntry>
</gml:Dictionary>
