<?xml version="1.0" encoding="UTF-8"?>
<gml:Dictionary xmlns:xsi="http://www.w3.org/2001/XMLSchema-instance" xmlns:gml="http://www.opengis.net/gml" xsi:schemaLocation="http://www.opengis.net/gml http://schemas.opengis.net/gml/3.1.1/profiles/SimpleDictionary/1.0.0/gmlSimpleDictionaryProfile.xsd" gml:id="cl_30c5eb2e-b480-4391-a74f-f19f0f2f1952">
	<gml:name>Common_urbanFacilityType</gml:name>
<gml:dictionaryEntry><gml:Definition gml:id="id1"><gml:description>都市施設</gml:description><gml:name>3000</gml:name></gml:Definition></gml:dictionaryEntry>
<gml:dictionaryEntry><gml:Definition gml:id="id2"><gml:description>交通施設</gml:description><gml:name>3010</gml:name></gml:Definition></gml:dictionaryEntry>
<gml:dictionaryEntry><gml:Definition gml:id="id3"><gml:description>道路</gml:description><gml:name>3011</gml:name></gml:Definition></gml:dictionaryEntry>
<gml:dictionaryEntry><gml:Definition gml:id="id4"><gml:description>都市高速鉄道</gml:description><gml:name>3012</gml:name></gml:Definition></gml:dictionaryEntry>
<gml:dictionaryEntry><gml:Definition gml:id="id5"><gml:description>駐車場</gml:description><gml:name>3013</gml:name></gml:Definition></gml:dictionaryEntry>
<gml:dictionaryEntry><gml:Definition gml:id="id6"><gml:description>自動車ターミナル</gml:description><gml:name>3014</gml:name></gml:Definition></gml:dictionaryEntry>
<gml:dictionaryEntry><gml:Definition gml:id="id7"><gml:description>空港</gml:description><gml:name>3015</gml:name></gml:Definition></gml:dictionaryEntry>
<gml:dictionaryEntry><gml:Definition gml:id="id8"><gml:description>港湾</gml:description><gml:name>3016</gml:name></gml:Definition></gml:dictionaryEntry>
<gml:dictionaryEntry><gml:Definition gml:id="id9"><gml:description>軌道</gml:description><gml:name>3017</gml:name></gml:Definition></gml:dictionaryEntry>
<gml:dictionaryEntry><gml:Definition gml:id="id10"><gml:description>公共空地</gml:description><gml:name>3020</gml:name></gml:Definition></gml:dictionaryEntry>
<gml:dictionaryEntry><gml:Definition gml:id="id11"><gml:description>公園</gml:description><gml:name>3021</gml:name></gml:Definition></gml:dictionaryEntry>
<gml:dictionaryEntry><gml:Definition gml:id="id12"><gml:description>緑地</gml:description><gml:name>3022</gml:name></gml:Definition></gml:dictionaryEntry>
<gml:dictionaryEntry><gml:Definition gml:id="id13"><gml:description>広場</gml:description><gml:name>3023</gml:name></gml:Definition></gml:dictionaryEntry>
<gml:dictionaryEntry><gml:Definition gml:id="id14"><gml:description>墓園</gml:description><gml:name>3024</gml:name></gml:Definition></gml:dictionaryEntry>
<gml:dictionaryEntry><gml:Definition gml:id="id15"><gml:description>運動場</gml:description><gml:name>3025</gml:name></gml:Definition></gml:dictionaryEntry>
<gml:dictionaryEntry><gml:Definition gml:id="id16"><gml:description>供給施設</gml:description><gml:name>3030</gml:name></gml:Definition></gml:dictionaryEntry>
<gml:dictionaryEntry><gml:Definition gml:id="id17"><gml:description>水道</gml:description><gml:name>3031</gml:name></gml:Definition></gml:dictionaryEntry>
<gml:dictionaryEntry><gml:Definition gml:id="id18"><gml:description>電気供給施設</gml:description><gml:name>3032</gml:name></gml:Definition></gml:dictionaryEntry>
<gml:dictionaryEntry><gml:Definition gml:id="id19"><gml:description>ガス供給施設</gml:description><gml:name>3033</gml:name></gml:Definition></gml:dictionaryEntry>
<gml:dictionaryEntry><gml:Definition gml:id="id20"><gml:description>地域冷暖房施設</gml:description><gml:name>3034</gml:name></gml:Definition></gml:dictionaryEntry>
<gml:dictionaryEntry><gml:Definition gml:id="id21"><gml:description>石油パイプライン</gml:description><gml:name>3035</gml:name></gml:Definition></gml:dictionaryEntry>
<gml:dictionaryEntry><gml:Definition gml:id="id22"><gml:description>処理施設</gml:description><gml:name>3040</gml:name></gml:Definition></gml:dictionaryEntry>
<gml:dictionaryEntry><gml:Definition gml:id="id23"><gml:description>下水道</gml:description><gml:name>3041</gml:name></gml:Definition></gml:dictionaryEntry>
<gml:dictionaryEntry><gml:Definition gml:id="id24"><gml:description>汚物処理場</gml:description><gml:name>3042</gml:name></gml:Definition></gml:dictionaryEntry>
<gml:dictionaryEntry><gml:Definition gml:id="id25"><gml:description>ごみ焼却場</gml:description><gml:name>3043</gml:name></gml:Definition></gml:dictionaryEntry>
<gml:dictionaryEntry><gml:Definition gml:id="id26"><gml:description>ごみ処理場</gml:description><gml:name>3044</gml:name></gml:Definition></gml:dictionaryEntry>
<gml:dictionaryEntry><gml:Definition gml:id="id27"><gml:description>水路</gml:description><gml:name>3050</gml:name></gml:Definition></gml:dictionaryEntry>
<gml:dictionaryEntry><gml:Definition gml:id="id28"><gml:description>河川</gml:description><gml:name>3051</gml:name></gml:Definition></gml:dictionaryEntry>
<gml:dictionaryEntry><gml:Definition gml:id="id29"><gml:description>運河</gml:description><gml:name>3052</gml:name></gml:Definition></gml:dictionaryEntry>
<gml:dictionaryEntry><gml:Definition gml:id="id30"><gml:description>教育文化施設</gml:description><gml:name>3060</gml:name></gml:Definition></gml:dictionaryEntry>
<gml:dictionaryEntry><gml:Definition gml:id="id31"><gml:description>学校</gml:description><gml:name>3061</gml:name></gml:Definition></gml:dictionaryEntry>
<gml:dictionaryEntry><gml:Definition gml:id="id32"><gml:description>図書館</gml:description><gml:name>3062</gml:name></gml:Definition></gml:dictionaryEntry>
<gml:dictionaryEntry><gml:Definition gml:id="id33"><gml:description>研究施設</gml:description><gml:name>3063</gml:name></gml:Definition></gml:dictionaryEntry>
<gml:dictionaryEntry><gml:Definition gml:id="id34"><gml:description>博物館</gml:description><gml:name>3064</gml:name></gml:Definition></gml:dictionaryEntry>
<gml:dictionaryEntry><gml:Definition gml:id="id35"><gml:description>美術館</gml:description><gml:name>3065</gml:name></gml:Definition></gml:dictionaryEntry>
<gml:dictionaryEntry><gml:Definition gml:id="id36"><gml:description>医療施設</gml:description><gml:name>3070</gml:name></gml:Definition></gml:dictionaryEntry>
<gml:dictionaryEntry><gml:Definition gml:id="id37"><gml:description>病院</gml:description><gml:name>3071</gml:name></gml:Definition></gml:dictionaryEntry>
<gml:dictionaryEntry><gml:Definition gml:id="id38"><gml:description>診療所</gml:description><gml:name>3072</gml:name></gml:Definition></gml:dictionaryEntry>
<gml:dictionaryEntry><gml:Definition gml:id="id39"><gml:description>保健所</gml:description><gml:name>3073</gml:name></gml:Definition></gml:dictionaryEntry>
<gml:dictionaryEntry><gml:Definition gml:id="id40"><gml:description>助産所</gml:description><gml:name>3074</gml:name></gml:Definition></gml:dictionaryEntry>
<gml:dictionaryEntry><gml:Definition gml:id="id41"><gml:description>社会福祉施設</gml:description><gml:name>3080</gml:name></gml:Definition></gml:dictionaryEntry>
<gml:dictionaryEntry><gml:Definition gml:id="id42"><gml:description>保育所</gml:description><gml:name>3081</gml:name></gml:Definition></gml:dictionaryEntry>
<gml:dictionaryEntry><gml:Definition gml:id="id43"><gml:description>乳児院</gml:description><gml:name>3082</gml:name></gml:Definition></gml:dictionaryEntry>
<gml:dictionaryEntry><gml:Definition gml:id="id44"><gml:description>母子寮</gml:description><gml:name>3083</gml:name></gml:Definition></gml:dictionaryEntry>
<gml:dictionaryEntry><gml:Definition gml:id="id45"><gml:description>養護老人ホーム</gml:description><gml:name>3084</gml:name></gml:Definition></gml:dictionaryEntry>
<gml:dictionaryEntry><gml:Definition gml:id="id46"><gml:description>市場、と畜場、火葬場</gml:description><gml:name>3090</gml:name></gml:Definition></gml:dictionaryEntry>
<gml:dictionaryEntry><gml:Definition gml:id="id47"><gml:description>市場</gml:description><gml:name>3091</gml:name></gml:Definition></gml:dictionaryEntry>
<gml:dictionaryEntry><gml:Definition gml:id="id48"><gml:description>と畜場</gml:description><gml:name>3092</gml:name></gml:Definition></gml:dictionaryEntry>
<gml:dictionaryEntry><gml:Definition gml:id="id49"><gml:description>火葬場</gml:description><gml:name>3093</gml:name></gml:Definition></gml:dictionaryEntry>
<gml:dictionaryEntry><gml:Definition gml:id="id50"><gml:description>一団地の住宅施設</gml:description><gml:name>3100</gml:name></gml:Definition></gml:dictionaryEntry>
<gml:dictionaryEntry><gml:Definition gml:id="id51"><gml:description>一団地の官公庁施設</gml:description><gml:name>3110</gml:name></gml:Definition></gml:dictionaryEntry>
<gml:dictionaryEntry><gml:Definition gml:id="id52"><gml:description>一団地の都市安全確保拠点施設</gml:description><gml:name>3120</gml:name></gml:Definition></gml:dictionaryEntry>
<gml:dictionaryEntry><gml:Definition gml:id="id53"><gml:description>流通業務団地</gml:description><gml:name>3130</gml:name></gml:Definition></gml:dictionaryEntry>
<gml:dictionaryEntry><gml:Definition gml:id="id54"><gml:description>一団地の津波防災拠点市街地形成施設</gml:description><gml:name>3140</gml:name></gml:Definition></gml:dictionaryEntry>
<gml:dictionaryEntry><gml:Definition gml:id="id55"><gml:description>一団地の復興再生拠点市街地形成施設</gml:description><gml:name>3150</gml:name></gml:Definition></gml:dictionaryEntry>
<gml:dictionaryEntry><gml:Definition gml:id="id56"><gml:description>一団地の復興拠点市街地形成施設</gml:description><gml:name>3160</gml:name></gml:Definition></gml:dictionaryEntry>
<gml:dictionaryEntry><gml:Definition gml:id="id57"><gml:description>政令で定める都市施設</gml:description><gml:name>3170</gml:name></gml:Definition></gml:dictionaryEntry>
<gml:dictionaryEntry><gml:Definition gml:id="id58"><gml:description>電気通信施設</gml:description><gml:name>3180</gml:name></gml:Definition></gml:dictionaryEntry>
<gml:dictionaryEntry><gml:Definition gml:id="id59"><gml:description>防風施設</gml:description><gml:name>3190</gml:name></gml:Definition></gml:dictionaryEntry>
<gml:dictionaryEntry><gml:Definition gml:id="id60"><gml:description>防火施設</gml:description><gml:name>3200</gml:name></gml:Definition></gml:dictionaryEntry>
<gml:dictionaryEntry><gml:Definition gml:id="id61"><gml:description>防火水槽</gml:description><gml:name>3201</gml:name></gml:Definition></gml:dictionaryEntry>
<gml:dictionaryEntry><gml:Definition gml:id="id62"><gml:description>防水施設</gml:description><gml:name>3210</gml:name></gml:Definition></gml:dictionaryEntry>
<gml:dictionaryEntry><gml:Definition gml:id="id63"><gml:description>河岸堤防</gml:description><gml:name>3211</gml:name></gml:Definition></gml:dictionaryEntry>
<gml:dictionaryEntry><gml:Definition gml:id="id64"><gml:description>防雪施設</gml:description><gml:name>3220</gml:name></gml:Definition></gml:dictionaryEntry>
<gml:dictionaryEntry><gml:Definition gml:id="id65"><gml:description>防潮施設</gml:description><gml:name>3230</gml:name></gml:Definition></gml:dictionaryEntry>
<gml:dictionaryEntry><gml:Definition gml:id="id66"><gml:description>防潮堤</gml:description><gml:name>3231</gml:name></gml:Definition></gml:dictionaryEntry>
<gml:dictionaryEntry><gml:Definition gml:id="id67"><gml:description>防砂施設</gml:description><gml:name>3240</gml:name></gml:Definition></gml:dictionaryEntry>
<gml:dictionaryEntry><gml:Definition gml:id="id68"><gml:description>地滑り防止施設</gml:description><gml:name>3241</gml:name></gml:Definition></gml:dictionaryEntry>
</gml:Dictionary>
