<?xml version="1.0" encoding="UTF-8"?><gml:Dictionary xmlns:xsi="http://www.w3.org/2001/XMLSchema-instance" xmlns:gml="http://www.opengis.net/gml" xsi:schemaLocation="http://www.opengis.net/gml http://schemas.opengis.net/gml/3.1.1/profiles/SimpleDictionary/1.0.0/gmlSimpleDictionaryProfile.xsd" gml:id="cl_92f90cbc-5c1d-4d6a-9237-0f0de348f3d1"> <gml:name>Common_scheduledAreaType</gml:name><gml:dictionaryEntry><gml:Definition gml:id="id1"><gml:description>新住宅市街地開発事業の予定区域</gml:description><gml:name>1</gml:name>  </gml:Definition> </gml:dictionaryEntry><gml:dictionaryEntry><gml:Definition gml:id="id2"><gml:description>工業団地造成事業の予定区域</gml:description><gml:name>2</gml:name>  </gml:Definition> </gml:dictionaryEntry><gml:dictionaryEntry><gml:Definition gml:id="id3"><gml:description>新都市基盤整備事業の予定区域</gml:description><gml:name>3</gml:name>  </gml:Definition> </gml:dictionaryEntry><gml:dictionaryEntry><gml:Definition gml:id="id4"><gml:description>区域の面積が二十ヘクタール以上の一団地の住宅施設の予定区域</gml:description><gml:name>4</gml:name>  </gml:Definition> </gml:dictionaryEntry><gml:dictionaryEntry><gml:Definition gml:id="id5"><gml:description>一団地の官公庁施設の予定区域</gml:description><gml:name>5</gml:name>  </gml:Definition> </gml:dictionaryEntry><gml:dictionaryEntry><gml:Definition gml:id="id6"><gml:description>流通業務団地の予定区域</gml:description><gml:name>6</gml:name>  </gml:Definition> </gml:dictionaryEntry></gml:Dictionary>
