<?xml version="1.0" encoding="UTF-8"?>
<gml:Dictionary xmlns:xsi="http://www.w3.org/2001/XMLSchema-instance" xmlns:gml="http://www.opengis.net/gml" xsi:schemaLocation="http://www.opengis.net/gml http://schemas.opengis.net/gml/3.1.1/profiles/SimpleDictionary/1.0.0/gmlSimpleDictionaryProfile.xsd" gml:id="cl_422970c4-8e10-11ec-b909-0242ac987125">
	<gml:name>Common_validType</gml:name>
<gml:dictionaryEntry><gml:Definition gml:id="id1"><gml:description>決定</gml:description><gml:name>1</gml:name>
  </gml:Definition>
 </gml:dictionaryEntry>
<gml:dictionaryEntry><gml:Definition gml:id="id2"><gml:description>廃止</gml:description><gml:name>2</gml:name>
  </gml:Definition>
 </gml:dictionaryEntry>
<gml:dictionaryEntry><gml:Definition gml:id="id3"><gml:description>変更</gml:description><gml:name>3</gml:name>
  </gml:Definition>
 </gml:dictionaryEntry>
</gml:Dictionary>
