﻿<?xml version="1.0" encoding="UTF-8"?>
<gml:Dictionary xmlns:xsi="http://www.w3.org/2001/XMLSchema-instance" xmlns:gml="http://www.opengis.net/gml" xsi:schemaLocation="http://www.opengis.net/gml http://schemas.opengis.net/gml/3.1.1/profiles/SimpleDictionary/1.0.0/gmlSimpleDictionaryProfile.xsd" gml:id="Recreations_class"><gml:name>Recreations_class</gml:name>
<gml:dictionaryEntry><gml:Definition gml:id="id1"><gml:description>自然系</gml:description><gml:name>1010</gml:name></gml:Definition></gml:dictionaryEntry>
<gml:dictionaryEntry><gml:Definition gml:id="id2"><gml:description>歴史・文化系</gml:description><gml:name>1020</gml:name></gml:Definition></gml:dictionaryEntry>
<gml:dictionaryEntry><gml:Definition gml:id="id3"><gml:description>生活・産業系</gml:description><gml:name>1100</gml:name></gml:Definition></gml:dictionaryEntry>
<gml:dictionaryEntry><gml:Definition gml:id="id4"><gml:description>眺望系</gml:description><gml:name>1120</gml:name></gml:Definition></gml:dictionaryEntry>
<gml:dictionaryEntry><gml:Definition gml:id="id5"><gml:description>その他</gml:description><gml:name>2000</gml:name></gml:Definition></gml:dictionaryEntry>
</gml:Dictionary>
