<?xml version="1.0" encoding="UTF-8"?>
<gml:Dictionary xmlns:xsi="http://www.w3.org/2001/XMLSchema-instance" xmlns:gml="http://www.opengis.net/gml" xsi:schemaLocation="http://www.opengis.net/gml http://schemas.opengis.net/gml/3.1.1/profiles/SimpleDictionary/1.0.0/gmlSimpleDictionaryProfile.xsd" gml:id="cl_6292123c-804c-11ec-a8a3-0242ac120002">
	<gml:name>Road_class</gml:name>
<gml:dictionaryEntry>
  <gml:Definition gml:id="id1">
   <gml:description>private</gml:description>
   <gml:name>1000</gml:name>
  </gml:Definition>
 </gml:dictionaryEntry>
<gml:dictionaryEntry>
  <gml:Definition gml:id="id2">
   <gml:description>common</gml:description>
   <gml:name>1010</gml:name>
  </gml:Definition>
 </gml:dictionaryEntry>
<gml:dictionaryEntry>
  <gml:Definition gml:id="id3">
   <gml:description>civil</gml:description>
   <gml:name>1030</gml:name>
  </gml:Definition>
 </gml:dictionaryEntry>
 <gml:dictionaryEntry>
  <gml:Definition gml:id="id4">
   <gml:description>road traffic</gml:description>
   <gml:name>1040</gml:name>
  </gml:Definition>
 </gml:dictionaryEntry>
 <gml:dictionaryEntry>
  <gml:Definition gml:id="id9">
   <gml:description>others</gml:description>
   <gml:name>1090</gml:name>
  </gml:Definition>
 </gml:dictionaryEntry>
</gml:Dictionary>
