<?xml version="1.0" encoding="UTF-8"?>
<gml:Dictionary xmlns:xsi="http://www.w3.org/2001/XMLSchema-instance" xmlns:gml="http://www.opengis.net/gml" xsi:schemaLocation="http://www.opengis.net/gml http://schemas.opengis.net/gml/3.1.1/profiles/SimpleDictionary/1.0.0/gmlSimpleDictionaryProfile.xsd" gml:id="cl_422970c4-8e10-11ec-b909-0242ac931928">
	<!-- updated on 2022-04-28 -->
 <gml:name>SpecialUseDistrict_usage</gml:name>
<gml:dictionaryEntry><gml:Definition gml:id="id1"><gml:description>特別工業地区</gml:description><gml:name>1</gml:name>
  </gml:Definition>
 </gml:dictionaryEntry>
<gml:dictionaryEntry><gml:Definition gml:id="id2"><gml:description>文教地区</gml:description><gml:name>2</gml:name>
  </gml:Definition>
 </gml:dictionaryEntry>
<gml:dictionaryEntry><gml:Definition gml:id="id3"><gml:description>小売店舗地区</gml:description><gml:name>3</gml:name>
  </gml:Definition>
 </gml:dictionaryEntry>
<gml:dictionaryEntry><gml:Definition gml:id="id4"><gml:description>事務所地区</gml:description><gml:name>4</gml:name>
  </gml:Definition>
 </gml:dictionaryEntry>
<gml:dictionaryEntry><gml:Definition gml:id="id5"><gml:description>厚生地区</gml:description><gml:name>5</gml:name>
  </gml:Definition>
 </gml:dictionaryEntry>
<gml:dictionaryEntry><gml:Definition gml:id="id6"><gml:description>娯楽レクリエーション地区</gml:description><gml:name>6</gml:name>
  </gml:Definition>
 </gml:dictionaryEntry>
<gml:dictionaryEntry><gml:Definition gml:id="id7"><gml:description>観光地区</gml:description><gml:name>7</gml:name>
  </gml:Definition>
 </gml:dictionaryEntry>
<gml:dictionaryEntry><gml:Definition gml:id="id8"><gml:description>特別業務地区</gml:description><gml:name>8</gml:name>
  </gml:Definition>
 </gml:dictionaryEntry>
<gml:dictionaryEntry><gml:Definition gml:id="id9"><gml:description>中高層階住居専用地区</gml:description><gml:name>9</gml:name>
  </gml:Definition>
 </gml:dictionaryEntry>
<gml:dictionaryEntry><gml:Definition gml:id="id10"><gml:description>商業専用地区</gml:description><gml:name>10</gml:name>
  </gml:Definition>
 </gml:dictionaryEntry>
<gml:dictionaryEntry><gml:Definition gml:id="id11"><gml:description>研究開発地区</gml:description><gml:name>11</gml:name>
  </gml:Definition>
 </gml:dictionaryEntry>
<gml:dictionaryEntry><gml:Definition gml:id="id12"><gml:description>その他</gml:description><gml:name>12</gml:name>
  </gml:Definition>
 </gml:dictionaryEntry>
</gml:Dictionary>
