<?xml version="1.0" encoding="UTF-8"?>
<gml:Dictionary xmlns:xsi="http://www.w3.org/2001/XMLSchema-instance" xmlns:gml="http://www.opengis.net/gml" xsi:schemaLocation="http://www.opengis.net/gml http://schemas.opengis.net/gml/3.1.1/profiles/SimpleDictionary/1.0.0/gmlSimpleDictionaryProfile.xsd" gml:id="cl_a74d82a8-8026-11ec-a8a3-0242ac120002">
	<gml:name>TrafficArea_surfaceMaterial</gml:name>
<gml:dictionaryEntry>
  <gml:Definition gml:id="id1">
   <gml:description>アスファルト舗装</gml:description>
   <gml:name>1000</gml:name>
  </gml:Definition>
 </gml:dictionaryEntry>
<gml:dictionaryEntry>
  <gml:Definition gml:id="id2">
   <gml:description>排水性アスファルト舗装</gml:description>
   <gml:name>1010</gml:name>
  </gml:Definition>
 </gml:dictionaryEntry>
<gml:dictionaryEntry>
  <gml:Definition gml:id="id3">
   <gml:description>透水性アスファルト舗装</gml:description>
   <gml:name>1020</gml:name>
  </gml:Definition>
 </gml:dictionaryEntry>
<gml:dictionaryEntry>
  <gml:Definition gml:id="id4">
   <gml:description>保水性アスファルト舗装</gml:description>
   <gml:name>1030</gml:name>
  </gml:Definition>
 </gml:dictionaryEntry>
<gml:dictionaryEntry>
  <gml:Definition gml:id="id5">
   <gml:description>コンクリート舗装</gml:description>
   <gml:name>2000</gml:name>
  </gml:Definition>
 </gml:dictionaryEntry>
<gml:dictionaryEntry>
  <gml:Definition gml:id="id6">
   <gml:description>樹脂系混合舗装</gml:description>
   <gml:name>3000</gml:name>
  </gml:Definition>
 </gml:dictionaryEntry>
<gml:dictionaryEntry>
  <gml:Definition gml:id="id7">
   <gml:description>ブロック系舗装</gml:description>
   <gml:name>4000</gml:name>
  </gml:Definition>
 </gml:dictionaryEntry>
<gml:dictionaryEntry>
  <gml:Definition gml:id="id8">
   <gml:description>土系舗装</gml:description>
   <gml:name>5000</gml:name>
  </gml:Definition>
 </gml:dictionaryEntry>
<gml:dictionaryEntry>
  <gml:Definition gml:id="id9">
   <gml:description>木質系舗装</gml:description>
   <gml:name>6000</gml:name>
  </gml:Definition>
 </gml:dictionaryEntry>
<gml:dictionaryEntry>
  <gml:Definition gml:id="id10">
   <gml:description>その他</gml:description>
   <gml:name>9000</gml:name>
  </gml:Definition>
 </gml:dictionaryEntry>

</gml:Dictionary>
