﻿<?xml version="1.0" encoding="UTF-8"?>
<gml:Dictionary xmlns:xsi="http://www.w3.org/2001/XMLSchema-instance" xmlns:gml="http://www.opengis.net/gml" xsi:schemaLocation="http://www.opengis.net/gml http://schemas.opengis.net/gml/3.1.1/profiles/SimpleDictionary/1.0.0/gmlSimpleDictionaryProfile.xsd" gml:id="Urbanization_class"><gml:name>Urbanization_class</gml:name>
<gml:dictionaryEntry><gml:Definition gml:id="id1"><gml:description>mid-Meiji era (1880's)</gml:description><gml:name>1010</gml:name></gml:Definition></gml:dictionaryEntry>
<gml:dictionaryEntry><gml:Definition gml:id="id2"><gml:description>early Taisho era (1910's)</gml:description><gml:name>1020</gml:name></gml:Definition></gml:dictionaryEntry>
<gml:dictionaryEntry><gml:Definition gml:id="id3"><gml:description>early Showa era (1930's)</gml:description><gml:name>1030</gml:name></gml:Definition></gml:dictionaryEntry>
<gml:dictionaryEntry><gml:Definition gml:id="id4"><gml:description>befor World War II</gml:description><gml:name>1040</gml:name></gml:Definition></gml:dictionaryEntry>
<gml:dictionaryEntry><gml:Definition gml:id="id5"><gml:description>after World War II</gml:description><gml:name>1050</gml:name></gml:Definition></gml:dictionaryEntry>
<gml:dictionaryEntry><gml:Definition gml:id="id6"><gml:description>30's of Showa era (1950's)</gml:description><gml:name>1060</gml:name></gml:Definition></gml:dictionaryEntry>
</gml:Dictionary>
