﻿<?xml version="1.0" encoding="UTF-8"?>
<gml:Dictionary xmlns:xsi="http://www.w3.org/2001/XMLSchema-instance" xmlns:gml="http://www.opengis.net/gml" xsi:schemaLocation="http://www.opengis.net/gml http://schemas.opengis.net/gml/3.1.1/profiles/SimpleDictionary/1.0.0/gmlSimpleDictionaryProfile.xsd" gml:id="cl_58f87ed8-9d76-470c-bc0c-2a346c7f4579">
	<gml:name>WaterBody_class</gml:name>
	<gml:dictionaryEntry>
		<gml:Definition gml:id="id1">
			<gml:description>浸水域（flooded land）</gml:description>
			<gml:name>1140</gml:name>
		</gml:Definition>
	</gml:dictionaryEntry>
</gml:Dictionary>
