﻿<?xml version="1.0" encoding="utf-8"?>
<MD_Metadata xsi:schemaLocation="http://zgate.gsi.go.jp/ch/jmp/ http://zgate.gsi.go.jp/ch/jmp/JMP20.xsd" xmlns:xsi="http://www.w3.org/2001/XMLSchema-instance" xmlns="http://zgate.gsi.go.jp/ch/jmp/" xmlns:jmp20="http://zgate.gsi.go.jp/ch/jmp/">
  <identificationInfo>
    <MD_DataIdentification>
      <citation>
        <title>土砂災害警戒区域モデル_08234_2020</title>
        <date>
          <date>2022-09-30</date>
          <dateType>001</dateType>
        </date>
      </citation>
      <abstract>3D災害リスク情報は、3D都市モデルと重畳表示することで、都市のレジリエンスの向上に向け、地方公共団体の防災まちづくりや住民への防災啓発、民間利用などの様々なユースケースが期待されます。本データは、LoD0の土砂災害警戒区域のデータ（平面図形）です。本データは、「土砂災害警戒区域等における土砂災害防止対策の推進に関する法律」に基づき指定を行った土砂災害警戒区域等（土砂災害警戒区域及び土砂災害特別警戒区域）に基づき作成しています。土砂災害警戒区域等に指定されていない区域においても土砂災害が発生する場合があります。
</abstract>
      <purpose>本データの主な利用目的は、1. 都市に関わる様々な地理空間データを格納する基盤、2. 三次元空間におけるゾーニングの可視化、3. 災害リスクの三次元可視化です。</purpose>
      <status>001</status>
      <pointOfContact>
        <organisationName>国土交通省都市局</organisationName>
        <contactInfo>
          <phone>
            <voice>03-5253-8397</voice>
            <facsimile>03-5253-1586</facsimile>
          </phone>
          <address>
            <deliveryPoint>霞が関2-1-3</deliveryPoint>
            <city>千代田区</city>
            <administrativeArea>東京都</administrativeArea>
            <postalCode>100-8918</postalCode>
            <country>jpn</country>
          </address>
          <onlineResource>
            <linkage>www.mlit.go.jp/plateau/</linkage>
            <description>国土交通省では、Project “PLATEAUプラトー” として、実世界（フィジカル空間）の都市を仮想的な世界（サイバー空間）に再現する3D都市モデルの整備を進めています。ウェブサイトでは、プロジェクトの進捗プロセスを継続的に発信していくと同時に、3D都市モデルをはじめとする各種データをオープンデータ化し、誰もが活用できるようになります。</description>
          </onlineResource>
        </contactInfo>
        <role>010</role>
      </pointOfContact>
      <pointOfContact>
        <organisationName>3D都市モデルを活用した災害リスク情報の3D表示に関する検討調査業務　アジア航測・建設技術研究所・日本工営共同提案体（代表企業：アジア航測株式会社）</organisationName>
        <contactInfo>
          <phone>
            <voice>044-969-7230</voice>
            <facsimile>044-965-2596</facsimile>
          </phone>
          <address>
            <deliveryPoint>麻生区万福寺1-2-2</deliveryPoint>
            <city>川﨑市</city>
            <administrativeArea>神奈川県</administrativeArea>
            <postalCode>215-0004</postalCode>
            <country>jpn</country>
          </address>
          <onlineResource>
            <linkage>https://www.ajiko.co.jp/</linkage>
          </onlineResource>
        </contactInfo>
        <role>006</role>
      </pointOfContact>
      <resourceConstraints>
        <MD_Constraints>
          <useLimitation>Licensed under CC BY 4.0</useLimitation>
        </MD_Constraints>
      </resourceConstraints>
      <descriptiveKeywords>
        <MD_Keywords>
          <keyword>鉾田市</keyword>
          <type>002</type>
        </MD_Keywords>
        <MD_Keywords>
          <keyword>土砂災害想定区域</keyword>
          <type>005</type>
        </MD_Keywords>
        <MD_Keywords>
          <keyword>LOD0</keyword>
          <type>005</type>
        </MD_Keywords>
        <MD_Keywords>
          <keyword>防災</keyword>
          <type>005</type>
        </MD_Keywords>
        <MD_Keywords>
          <keyword>国土数値情報土砂災害警戒区域第1.3版</keyword>
          <type>005</type>
        </MD_Keywords>
      </descriptiveKeywords>
      <spatialRepresentationType>001</spatialRepresentationType>
      <spatialRepresentationType>004</spatialRepresentationType>
      <spatialResolution>
        <distance>
          <value>5</value>
          <uom>
            <UnitOfMeasure>
              <name>meter</name>
              <measurementType>長さ</measurementType>
            </UnitOfMeasure>
          </uom>
        </distance>
      </spatialResolution>
      <language>
        <isoCode>jpn</isoCode>
      </language>
      <characterSet>004</characterSet>
      <topicCategory>013</topicCategory>
      <extent>
        <description>鉾田市にかかる国土数値情報土砂災害警戒区域第1.3版の範囲。</description>
        <geographicElement>
          <EX_GeographicBoundingBox>
            <extentTypeCode>1</extentTypeCode>
            <extentReferenceSystem>
              <authority>
                <title>測量法施行令（昭和24年政令第322号）</title>
                <date>
                  <date>2011-10-21</date>
                  <dateType>003</dateType>
                </date>
              </authority>
              <code>JGD2011 / (B,L)</code>
            </extentReferenceSystem>
            <westBoundLongitude>140.436826606562</westBoundLongitude>
            <eastBoundLongitude>140.571433307401</eastBoundLongitude>
            <southBoundLatitude>36.0704491839828</southBoundLatitude>
            <northBoundLatitude>36.2666582452819</northBoundLatitude>
          </EX_GeographicBoundingBox>
          <EX_GeographicBoundingBox>
            <extentReferenceSystem>
              <code>JGD2011, TP / (B, L), H</code>
            </extentReferenceSystem>
            <westBoundLongitude>140.436826606562</westBoundLongitude>
            <eastBoundLongitude>140.571433307401</eastBoundLongitude>
            <southBoundLatitude>36.0704491839828</southBoundLatitude>
            <northBoundLatitude>36.2666582452819</northBoundLatitude>
          </EX_GeographicBoundingBox>
          <EX_GeographicDescription>
            <extentTypeCode>1</extentTypeCode>
            <geographicIdentifier>
              <code>茨城県鉾田市</code>
            </geographicIdentifier>
          </EX_GeographicDescription>
          <EX_GeographicDescription>
            <geographicIdentifier>
              <code>茨城県鉾田市</code>
            </geographicIdentifier>
          </EX_GeographicDescription>
        </geographicElement>
      </extent>
    </MD_DataIdentification>
  </identificationInfo>
  <dataQualityInfo>
    <DQ_DataQuality>
      <scope>
        <level>009</level>
        <extent>
          <description>鉾田市にかかる国土数値情報土砂災害警戒区域第1.3版の範囲。</description>
          <geographicElement>
            <EX_GeographicBoundingBox>
              <extentTypeCode>1</extentTypeCode>
              <extentReferenceSystem>
                <authority>
                  <title>測量法施行令（昭和24年政令第322号）</title>
                  <date>
                    <date>2011-10-21</date>
                    <dateType>003</dateType>
                  </date>
                </authority>
                <code>JGD2011 / (B,L)</code>
              </extentReferenceSystem>
              <westBoundLongitude>140.436826606562</westBoundLongitude>
              <eastBoundLongitude>140.571433307401</eastBoundLongitude>
              <southBoundLatitude>36.0704491839828</southBoundLatitude>
              <northBoundLatitude>36.2666582452819</northBoundLatitude>
            </EX_GeographicBoundingBox>
            <EX_GeographicDescription>
              <extentTypeCode>1</extentTypeCode>
              <geographicIdentifier>
                <code>茨城県鉾田市</code>
              </geographicIdentifier>
            </EX_GeographicDescription>
          </geographicElement>
        </extent>
        <levelDescription>lsld: 土砂災害警戒区域</levelDescription>
      </scope>
      <lineage>
        <LI_Lineage>
          <statement>国土数値情報土砂災害警戒区域第1.3版から作成。</statement>
        </LI_Lineage>
      </lineage>
      <report>
        <DQ_Element>
          <evaluationMethodDescription>製品仕様書に従った適合性評価を行った。</evaluationMethodDescription>
          <typeOfQualityEvaluation>001</typeOfQualityEvaluation>
          <result>
            <DQ_ConformanceResult>
              <specification>
                <title>3D 都市モデル技術文書 — Part 1：3D 都市モデルのための標準製品仕様（案）</title>
                <date>
                  <date>2022-03-01</date>
                  <dateType>001</dateType>
                </date>
              </specification>
              <explanation>【C01】インスタンスに与えられたgml:idと同じgml:idをもつ他のインスタンスがデータ製品内に存在しない。エラー数が0なら合格、1以上なら不合格。</explanation>
              <pass>1</pass>
            </DQ_ConformanceResult>
          </result>
        </DQ_Element>
        <DQ_Element>
          <evaluationMethodDescription>製品仕様書に従った適合性評価を行った。</evaluationMethodDescription>
          <typeOfQualityEvaluation>001</typeOfQualityEvaluation>
          <result>
            <DQ_ConformanceResult>
              <specification>
                <title>3D 都市モデル技術文書 — Part 1：3D 都市モデルのための標準製品仕様（案）</title>
                <date>
                  <date>2022-03-01</date>
                  <dateType>001</dateType>
                </date>
              </specification>
              <explanation>【C02】参照データと都市モデルに含まれる各地物のインスタンス数が等しい。エラーの数が0個の場合に合格。エラーの数が1以上の場合は不合格。</explanation>
              <pass>1</pass>
            </DQ_ConformanceResult>
          </result>
        </DQ_Element>
        <DQ_Element>
          <evaluationMethodDescription>製品仕様書に従った適合性評価を行った。</evaluationMethodDescription>
          <typeOfQualityEvaluation>001</typeOfQualityEvaluation>
          <result>
            <DQ_ConformanceResult>
              <specification>
                <title>3D 都市モデル技術文書 — Part 1：3D 都市モデルのための標準製品仕様（案）</title>
                <date>
                  <date>2022-03-01</date>
                  <dateType>001</dateType>
                </date>
              </specification>
              <explanation>【C03】参照データに存在しないのに地物インスタンスが存在する場合、あるいは参照データに存在するのに地物インスタンスが存在しない場合をエラーとする。1個以上のエラーが存在するサブメッシュをエラーサブメッシュとする。誤率（％）＝エラーサブメッシュの数／100×100。全ての検査単位の誤率が10%以下なら合格、10％を超える検査単位が1つ以上あれば不合格。</explanation>
              <pass>1</pass>
            </DQ_ConformanceResult>
          </result>
        </DQ_Element>
        <DQ_Element>
          <evaluationMethodDescription>製品仕様書に従った適合性評価を行った。</evaluationMethodDescription>
          <typeOfQualityEvaluation>005</typeOfQualityEvaluation>
          <result>
            <DQ_ConformanceResult>
              <specification>
                <title>3D 都市モデル技術文書 — Part 1：3D 都市モデルのための標準製品仕様（案）</title>
                <date>
                  <date>2022-03-01</date>
                  <dateType>001</dateType>
                </date>
              </specification>
              <explanation>【L01】整形式（Well-Formed XML)になっていない箇所数。エラーの箇所数が0の場合に合格。エラーの箇所数が1以上の場合は不合格。</explanation>
              <pass>1</pass>
            </DQ_ConformanceResult>
          </result>
        </DQ_Element>
        <DQ_Element>
          <evaluationMethodDescription>製品仕様書に従った適合性評価を行った。</evaluationMethodDescription>
          <typeOfQualityEvaluation>003</typeOfQualityEvaluation>
          <result>
            <DQ_ConformanceResult>
              <specification>
                <title>3D 都市モデル技術文書 — Part 1：3D 都市モデルのための標準製品仕様（案）</title>
                <date>
                  <date>2022-03-01</date>
                  <dateType>001</dateType>
                </date>
              </specification>
              <explanation>【L02】妥当（Valid）なXML文書になっていない箇所数。エラーの箇所数が0の場合に合格。エラーの箇所数が1以上の場合は不合格。</explanation>
              <pass>1</pass>
            </DQ_ConformanceResult>
          </result>
        </DQ_Element>
        <DQ_Element>
          <evaluationMethodDescription>製品仕様書に従った適合性評価を行った。</evaluationMethodDescription>
          <typeOfQualityEvaluation>003</typeOfQualityEvaluation>
          <result>
            <DQ_ConformanceResult>
              <specification>
                <title>3D 都市モデル技術文書 — Part 1：3D 都市モデルのための標準製品仕様（案）</title>
                <date>
                  <date>2022-03-01</date>
                  <dateType>001</dateType>
                </date>
              </specification>
              <explanation>【L03】応用スキーマに定義していない地物型の出現箇所数。エラーの箇所が0個の場合に合格。エラーの箇所数が1以上の場合は不合格。</explanation>
              <pass>1</pass>
            </DQ_ConformanceResult>
          </result>
        </DQ_Element>
        <DQ_Element>
          <evaluationMethodDescription>製品仕様書に従った適合性評価を行った。</evaluationMethodDescription>
          <typeOfQualityEvaluation>004</typeOfQualityEvaluation>
          <result>
            <DQ_ConformanceResult>
              <specification>
                <title>3D 都市モデル技術文書 — Part 1：3D 都市モデルのための標準製品仕様（案）</title>
                <date>
                  <date>2022-03-01</date>
                  <dateType>001</dateType>
                </date>
              </specification>
              <explanation>【L04】指定されたコードリストに定義されていない値となっている箇所数。エラーの箇所数が 0 の場合に合格。エラーの箇所数が 1 以上の場合は不合格。コードリストへの相対パスは、gml:CodeType の属性である codeSpace の値として記述。</explanation>
              <pass>1</pass>
            </DQ_ConformanceResult>
          </result>
        </DQ_Element>
        <DQ_Element>
          <evaluationMethodDescription>製品仕様書に従った適合性評価を行った。</evaluationMethodDescription>
          <typeOfQualityEvaluation>004</typeOfQualityEvaluation>
          <result>
            <DQ_ConformanceResult>
              <specification>
                <title>3D 都市モデル技術文書 — Part 1：3D 都市モデルのための標準製品仕様（案）</title>
                <date>
                  <date>2022-03-01</date>
                  <dateType>001</dateType>
                </date>
              </specification>
              <explanation>【L05】都市モデルに指定された空間参照系の識別子が、製品仕様書で指定された識別子ではない。エラーの箇所数が0の場合に合格。エラーの箇所数が1以上の場合は不合格。空間参照系の URI は、gml:Envelope の属性である srsName の値として記述。</explanation>
              <pass>1</pass>
            </DQ_ConformanceResult>
          </result>
        </DQ_Element>
        <DQ_Element>
          <evaluationMethodDescription>製品仕様書に従った適合性評価を行った。</evaluationMethodDescription>
          <typeOfQualityEvaluation>004</typeOfQualityEvaluation>
          <result>
            <DQ_ConformanceResult>
              <specification>
                <title>3D 都市モデル技術文書 — Part 1：3D 都市モデルのための標準製品仕様（案）</title>
                <date>
                  <date>2022-03-01</date>
                  <dateType>001</dateType>
                </date>
              </specification>
              <explanation>【L06】幾何オブジェクトインスタンスの座標値に含まれる、緯度、経度、標高が、この幾何オブジェクトインスタンスを含む都市モデル（core:CityModel）の空間範囲に含まれる。エラーとなる幾何オブジェクトが0個の場合に合格。エラーのとなる幾何オブジェクトが1個以上の場合は不合格。緯度、経度及び標高は、都市モデルに含まれる gml:Envelope の属性 boundedBy に記述。</explanation>
              <pass>1</pass>
            </DQ_ConformanceResult>
          </result>
        </DQ_Element>
        <DQ_Element>
          <evaluationMethodDescription>製品仕様書に従った適合性評価を行った。</evaluationMethodDescription>
          <typeOfQualityEvaluation>006</typeOfQualityEvaluation>
          <result>
            <DQ_ConformanceResult>
              <specification>
                <title>3D 都市モデル技術文書 — Part 1：3D 都市モデルのための標準製品仕様（案）</title>
                <date>
                  <date>2022-03-01</date>
                  <dateType>001</dateType>
                </date>
              </specification>
              <explanation>【L10】座標列の向きが不正なインスタンスをエラーとする。外周は反時計回り、内周は時計回りがただしい。エラーの数が0個の場合に合格。1以上なら不合格。</explanation>
              <pass>1</pass>
            </DQ_ConformanceResult>
          </result>
        </DQ_Element>
        <DQ_Element>
          <evaluationMethodDescription>製品仕様書に従った適合性評価を行った。</evaluationMethodDescription>
          <typeOfQualityEvaluation>006</typeOfQualityEvaluation>
          <result>
            <DQ_ConformanceResult>
              <specification>
                <title>3D 都市モデル技術文書 — Part 1：3D 都市モデルのための標準製品仕様（案）</title>
                <date>
                  <date>2022-03-01</date>
                  <dateType>001</dateType>
                </date>
              </specification>
              <explanation>【L11】gml:Polygonの境界を構成するすべての座標値が同一平面上になければならない。同一平面上にない座標値が存在するインスタンスをエラーとする。エラーの数が0個の場合に合格。1以上なら不合格。</explanation>
              <pass>1</pass>
            </DQ_ConformanceResult>
          </result>
        </DQ_Element>
        <DQ_Element>
          <evaluationMethodDescription>製品仕様書に従った適合性評価を行った。</evaluationMethodDescription>
          <typeOfQualityEvaluation>007</typeOfQualityEvaluation>
          <result>
            <DQ_ConformanceResult>
              <specification>
                <title>3D 都市モデル技術文書 — Part 1：3D 都市モデルのための標準製品仕様（案）</title>
                <date>
                  <date>2022-03-01</date>
                  <dateType>001</dateType>
                </date>
              </specification>
              <explanation>【P01】データ集合内の水平位置の座標と、より正確度の高い参照データの水平位置の座標との誤差の標準偏差を計算する。また、誤差の母平均は 0 とする。ただし、データ品質属性の「幾何属性作成方法」の値が「0（推定）」となるインスタンスは検査対象としない。全ての250mサブメッシュについて、水平位置の標準偏差が、水平距離1.75m以内であれば、”合格”、1.75mを超えれば不合格。</explanation>
              <pass>1</pass>
            </DQ_ConformanceResult>
          </result>
        </DQ_Element>
        <DQ_Element>
          <evaluationMethodDescription>製品仕様書に従った適合性評価を行った。</evaluationMethodDescription>
          <typeOfQualityEvaluation>007</typeOfQualityEvaluation>
          <result>
            <DQ_ConformanceResult>
              <specification>
                <title>3D 都市モデル技術文書 — Part 1：3D 都市モデルのための標準製品仕様（案）</title>
                <date>
                  <date>2022-03-01</date>
                  <dateType>001</dateType>
                </date>
              </specification>
              <explanation>【P02】データ集合内の高さの座標（標高）と、より正確度の高い参照データの高さの座標（標高）の誤差の標準偏差を計算する。また、誤差の母平均は 0 とする。ただし、データ品質属性の「幾何属性作成方法」の値が「0（推定）」となるインスタンスは検査対象としない。全ての250mサブメッシュ別に、標準偏差が0.66m以内であれば“合格、0.66mを超えれば不合格。</explanation>
              <pass>1</pass>
            </DQ_ConformanceResult>
          </result>
        </DQ_Element>
        <DQ_Element>
          <evaluationMethodDescription>製品仕様書に従った適合性評価を行った。</evaluationMethodDescription>
          <typeOfQualityEvaluation>014</typeOfQualityEvaluation>
          <result>
            <DQ_ConformanceResult>
              <specification>
                <title>3D 都市モデル技術文書 — Part 1：3D 都市モデルのための標準製品仕様（案）</title>
                <date>
                  <date>2022-03-01</date>
                  <dateType>001</dateType>
                </date>
              </specification>
              <explanation>【T01】インスタンスに設定された地物属性のうち、型がxs:string、gml:CodeType、xs:boolean、xs:date、xs:gYear、gml:MeasureOrNullListTypeまたは、gml::StringOrRefTypeとなる主題属性について、設定された値が参照データの属性値と⼀致しないインスタンスをエラーインスタンスとする。エラーの箇所が 0 個の場合に合格。エラーの箇所数が 1 以上の場合は不合格。</explanation>
              <pass>1</pass>
            </DQ_ConformanceResult>
          </result>
        </DQ_Element>
        <DQ_Element>
          <evaluationMethodDescription>製品仕様書に従った適合性評価を行った。</evaluationMethodDescription>
          <typeOfQualityEvaluation>015</typeOfQualityEvaluation>
          <result>
            <DQ_ConformanceResult>
              <specification>
                <title>3D 都市モデル技術文書 — Part 1：3D 都市モデルのための標準製品仕様（案）</title>
                <date>
                  <date>2022-03-01</date>
                  <dateType>001</dateType>
                </date>
              </specification>
              <explanation>【T02】インスタンスに設定された地物属性のうち、型がxs:integer、xs:nonNegativeInteger, xs:double, gml::MeasureType、gml:LengthTypeまたはgml::MeasureOrNullListTypeとなる主題属性について、設定された値が参照データの属性値と⼀致しないインスタンスをエラーとする。エラーの箇所が 0 個の場合に合格。エラーの箇所数が 1 以上の場合は不合格。</explanation>
              <pass>1</pass>
            </DQ_ConformanceResult>
          </result>
        </DQ_Element>
      </report>
    </DQ_DataQuality>
  </dataQualityInfo>
  <distributionInfo>
    <MD_Distribution>
      <distributionFormat>
        <MD_Format>
          <name>CityGML</name>
          <version>2.0</version>
        </MD_Format>
        <MD_Format>
          <name>i-UR</name>
          <version>2.0</version>
        </MD_Format>
      </distributionFormat>
      <transferOptions>
        <MD_DigitalTransferOptions>
          <onLine>
            <linkage>www.mlit.go.jp/plateau/</linkage>
          </onLine>
        </MD_DigitalTransferOptions>
      </transferOptions>
    </MD_Distribution>
  </distributionInfo>
  <fileIdentifier>udx[08234]2020</fileIdentifier>
  <language>
    <isoCode>jpn</isoCode>
  </language>
  <characterSet>004</characterSet>
  <hierarchyLevel>005</hierarchyLevel>
  <contact>
    <organisationName>国土交通省都市局</organisationName>
    <contactInfo>
      <phone>
        <voice>03-5253-8397</voice>
        <facsimile>03-5253-1586</facsimile>
      </phone>
      <address>
        <deliveryPoint>霞が関2-1-3</deliveryPoint>
        <city>千代田区</city>
        <administrativeArea>東京都</administrativeArea>
        <postalCode>100-8918</postalCode>
        <country>jpn</country>
      </address>
      <onlineResource>
        <linkage>www.mlit.go.jp/plateau/</linkage>
        <description>国土交通省では、Project “PLATEAUプラトー” として、実世界（フィジカル空間）の都市を仮想的な世界（サイバー空間）に再現する3D都市モデルの整備を進めています。ウェブサイトでは、プロジェクトの進捗プロセスを継続的に発信していくと同時に、3D都市モデルをはじめとする各種データをオープンデータ化し、誰もが活用できるようになります。</description>
      </onlineResource>
    </contactInfo>
    <role>010</role>
  </contact>
  <dateStamp>2022-09-30</dateStamp>
  <metadataStandardName>JMP</metadataStandardName>
  <metadataStandardVersion>2.0</metadataStandardVersion>
</MD_Metadata>