﻿<?xml version="1.0" encoding="utf-8"?>
<MD_Metadata xsi:schemaLocation="http://zgate.gsi.go.jp/ch/jmp/ http://zgate.gsi.go.jp/ch/jmp/JMP20.xsd" xmlns:xsi="http://www.w3.org/2001/XMLSchema-instance" xmlns="http://zgate.gsi.go.jp/ch/jmp/" xmlns:jmp20="http://zgate.gsi.go.jp/ch/jmp/">
  <identificationInfo>
    <MD_DataIdentification>
      <citation>
        <title>3D都市モデル_08234_2020</title>
        <date>
          <date>2022-09-30</date>
          <dateType>001</dateType>
        </date>
      </citation>
      <abstract>3D都市モデルとは、都市空間に存在する建物や街路といったオブジェクトに名称や用途、建設年といった都市活動情報を付与することで、都市空間そのものを再現する3D都市空間情報プラットフォームです。 様々な都市活動データが3D都市モデルに統合され、フィジカル空間とサイバー空間の高度な融合が実現します。これにより、都市計画立案の高度化や、都市活動のシミュレーション、分析等を行うことが可能となります。本データには、建物、地形、道路、土地利用、都市計画区域、用途地域が含まれます。建物のLOD0は、都市計画基本図（1/2,500）の平面図形です。建物のLOD1は、LOD0の図形に、航空写真測量により取得した点群を使って、一律の高さ（中央値）を付与した立体図形です。建物のLOD２は、航空写真測量により取得した点群から、建物の立体的な形状を図化した立体図形です。また、建物には、属性として都市計画基礎調査の結果に基づき、建物利用情報等の属性を付与しています。ただし、原典資料の位置の正しさの違いや、作成された時期の違いにより、現状を正確に反映していない場合があることにご注意ください。都市計画決定情報における用途地域 urf:UseDistrict の容積率 urf:floorAreaRate データが存在しない場合、容積率 urf:floorAreaRate に０を設定しています。</abstract>
      <purpose>本データの主な利用目的は、1. 都市に関わる様々な地理空間データを格納する基盤、2. 三次元空間におけるゾーニングの可視化、3. 災害リスクの三次元可視化です。</purpose>
      <status>001</status>
      <pointOfContact>
        <organisationName>国土交通省都市局</organisationName>
        <contactInfo>
          <phone>
            <voice>03-5253-8397</voice>
            <facsimile>03-5253-1586</facsimile>
          </phone>
          <address>
            <deliveryPoint>霞が関2-1-3</deliveryPoint>
            <city>千代田区</city>
            <administrativeArea>東京都</administrativeArea>
            <postalCode>100-8918</postalCode>
            <country>jpn</country>
          </address>
          <onlineResource>
            <linkage>www.mlit.go.jp/plateau/</linkage>
            <description>国土交通省では、Project “PLATEAUプラトー” として、実世界（フィジカル空間）の都市を仮想的な世界（サイバー空間）に再現する3D都市モデルの整備を進めています。ウェブサイトでは、プロジェクトの進捗プロセスを継続的に発信していくと同時に、3D都市モデルをはじめとする各種データをオープンデータ化し、誰もが活用できるようになります。</description>
          </onlineResource>
        </contactInfo>
        <role>010</role>
      </pointOfContact>
      <pointOfContact>
        <organisationName>アジア航測株式会社</organisationName>
        <contactInfo>
          <phone>
            <voice>044-969-7230</voice>
            <facsimile>044-965-2596</facsimile>
          </phone>
          <address>
            <deliveryPoint>麻生区万福寺1-2-2</deliveryPoint>
            <city>川﨑市</city>
            <administrativeArea>神奈川県</administrativeArea>
            <postalCode>215-0004</postalCode>
            <country>jpn</country>
          </address>
          <onlineResource>
            <linkage>https://www.ajiko.co.jp/</linkage>
          </onlineResource>
        </contactInfo>
        <role>006</role>
      </pointOfContact>
      <resourceConstraints>
        <MD_Constraints>
          <useLimitation>Licensed under CC BY 4.0</useLimitation>
        </MD_Constraints>
      </resourceConstraints>
      <descriptiveKeywords>
        <MD_Keywords>
          <keyword>鉾田市</keyword>
          <type>002</type>
        </MD_Keywords>
        <MD_Keywords>
          <keyword>建物</keyword>
          <keyword>土地利用</keyword>
          <keyword>道路</keyword>
          <keyword>都市計画区域</keyword>
          <keyword>用途地域</keyword>
          <keyword>地形</keyword>
          <type>005</type>
        </MD_Keywords>
        <MD_Keywords>
          <keyword>LOD0</keyword>
          <keyword>LOD1</keyword>
          <keyword>LOD2</keyword>
          <type>005</type>
        </MD_Keywords>
        <MD_Keywords>
          <keyword>洪水浸水想定</keyword>
          <keyword>土砂災害警戒区域</keyword>
          <keyword>津波浸水想定</keyword>
          <type>005</type>
        </MD_Keywords>
        <MD_Keywords>
          <keyword>平成28年都市計画基本図</keyword>
          <keyword>平成30年航空写真測量</keyword>
          <keyword>平成29年建物現況調査</keyword>
          <keyword>平成29年土地利用現況調査</keyword>
          <keyword>令和2年都市計画決定情報</keyword>
          <keyword>令和元年、令和2年国土基本情報</keyword>
          <keyword>平成30年国土数値情報土砂災害計画区域データ</keyword>
          <keyword>平成29年利根川水系巴川洪水浸水想定区域図</keyword>
          <keyword>平成28年利根川水系北浦洪水浸水想定区域図</keyword>
          <keyword>平成24年津波浸水想定区域図</keyword>
          <type>005</type>
        </MD_Keywords>
      </descriptiveKeywords>
      <spatialRepresentationType>001</spatialRepresentationType>
      <spatialRepresentationType>004</spatialRepresentationType>
      <spatialResolution>
        <equivalentScale>
          <denominator>2500</denominator>
        </equivalentScale>
      </spatialResolution>
      <language>
        <isoCode>jpn</isoCode>
      </language>
      <characterSet>004</characterSet>
      <topicCategory>013</topicCategory>
      <topicCategory>017</topicCategory>
      <extent>
        <description>LOD1モデルは鉾田市全域を構築、LOD2モデルはランドマーク施設を対象として構築。都市計画決定情報における用途地域 urf:UseDistrict の容積率 urf:floorAreaRate データが存在しない場合、容積率 urf:floorAreaRate に０を設定する。</description>
        <geographicElement>
          <EX_GeographicBoundingBox>
            <extentTypeCode>1</extentTypeCode>
            <extentReferenceSystem>
              <authority>
                <title>測量法施行令（昭和24年政令第322号）</title>
                <date>
                  <date>2011-10-21</date>
                  <dateType>003</dateType>
                </date>
              </authority>
              <code>JGD2011 / (B,L)</code>
            </extentReferenceSystem>
            <westBoundLongitude>140.2446441</westBoundLongitude>
            <eastBoundLongitude>140.3644292</eastBoundLongitude>
            <southBoundLatitude>36.03284347</southBoundLatitude>
            <northBoundLatitude>36.17015334</northBoundLatitude>
          </EX_GeographicBoundingBox>
          <EX_GeographicBoundingBox>
            <extentTypeCode>1</extentTypeCode>
            <extentReferenceSystem>
              <authority>
                <title>測量法施行令（昭和24年政令第322号）</title>
                <date>
                  <date>2011-10-21</date>
                  <dateType>003</dateType>
                </date>
              </authority>
              <code>JGD2011, TP / (B, L), H</code>
            </extentReferenceSystem>
            <westBoundLongitude>140.2446441</westBoundLongitude>
            <eastBoundLongitude>140.3644292</eastBoundLongitude>
            <southBoundLatitude>36.03284347</southBoundLatitude>
            <northBoundLatitude>36.17015334</northBoundLatitude>
          </EX_GeographicBoundingBox>
          <EX_GeographicDescription>
            <extentTypeCode>1</extentTypeCode>
            <geographicIdentifier>
              <code>茨城県鉾田市</code>
            </geographicIdentifier>
          </EX_GeographicDescription>
          <EX_GeographicDescription>
            <geographicIdentifier>
              <code>茨城県鉾田市</code>
            </geographicIdentifier>
          </EX_GeographicDescription>
        </geographicElement>
      </extent>
    </MD_DataIdentification>
  </identificationInfo>
  <dataQualityInfo>
    <DQ_DataQuality>
      <scope>
        <level>009</level>
        <levelDescription>bldg:Building</levelDescription>
      </scope>
      <lineage>
        <LI_Lineage>
          <statement>地形は国土地理院・基盤地図情報（数値標高モデル：5mメッシュ）を加工して作成。建築物は、都市計画基本図や航空写真等を用いて構築したLOD1及びLOD2の3D都市モデル。都市計画法第6条に基づく都市計画基礎調査等の建物利用情報等を建物の属性情報として付加。建築物の属性の名称は国土基本情報を加工して作成。建築物の属性の計測高さは、航空写真測量によって取得した建物図形内の点群データのうち、ノイズ除去のために最高値以下５％を除去した点群の最高値としている。建築物のLOD1のモデルの見た目上の高さは航空写真測量によって取得した建物図形内の点群データの中央値としている。また、計測高さを取得できなかった建物の見た目上の高さは一律３ｍとしている。道路は都市計画基本図を加工して作成。土地利用は鉾田市の土地利用現況をGISデータから加工して作成。用途地域は鉾田市の都市計画決定情報（用途地域）をGISデータから加工して作成。都市計画区域は鉾田市の都市計画決定情報（都市計画区域）をGISデータから作成。</statement>
        </LI_Lineage>
      </lineage>
      <report>
        <DQ_Element>
          <typeOfQualityEvaluation>001</typeOfQualityEvaluation>
          <result>
            <DQ_ConformanceResult>
              <specification>
                <title>鉾田市における3D都市モデルのための拡張製品仕様書（オープンデータ用）</title>
                <date>
                  <date>2022-09-30</date>
                  <dateType>001</dateType>
                </date>
              </specification>
              <explanation>C01、C02、C03</explanation>
              <pass>1</pass>
            </DQ_ConformanceResult>
          </result>
        </DQ_Element>
        <DQ_Element>
          <typeOfQualityEvaluation>002</typeOfQualityEvaluation>
          <result>
            <DQ_ConformanceResult>
              <specification>
                <title>鉾田市における3D都市モデルのための拡張製品仕様書（オープンデータ用）</title>
                <date>
                  <date>2022-09-30</date>
                  <dateType>001</dateType>
                </date>
              </specification>
              <explanation>C02、C03</explanation>
              <pass>1</pass>
            </DQ_ConformanceResult>
          </result>
        </DQ_Element>
        <DQ_Element>
          <typeOfQualityEvaluation>003</typeOfQualityEvaluation>
          <result>
            <DQ_ConformanceResult>
              <specification>
                <title>鉾田市における3D都市モデルのための拡張製品仕様書（オープンデータ用）</title>
                <date>
                  <date>2022-09-30</date>
                  <dateType>001</dateType>
                </date>
              </specification>
              <explanation>L02、L03、L-bldg-06</explanation>
              <pass>1</pass>
            </DQ_ConformanceResult>
          </result>
        </DQ_Element>
        <DQ_Element>
          <typeOfQualityEvaluation>004</typeOfQualityEvaluation>
          <result>
            <DQ_ConformanceResult>
              <specification>
                <title>鉾田市における3D都市モデルのための拡張製品仕様書（オープンデータ用）</title>
                <date>
                  <date>2022-09-30</date>
                  <dateType>001</dateType>
                </date>
              </specification>
              <explanation>L04、L05、L06</explanation>
              <pass>1</pass>
            </DQ_ConformanceResult>
          </result>
        </DQ_Element>
        <DQ_Element>
          <typeOfQualityEvaluation>005</typeOfQualityEvaluation>
          <result>
            <DQ_ConformanceResult>
              <specification>
                <title>鉾田市における3D都市モデルのための拡張製品仕様書（オープンデータ用）</title>
                <date>
                  <date>2022-09-30</date>
                  <dateType>001</dateType>
                </date>
              </specification>
              <explanation>L01</explanation>
              <pass>1</pass>
            </DQ_ConformanceResult>
          </result>
        </DQ_Element>
        <DQ_Element>
          <typeOfQualityEvaluation>006</typeOfQualityEvaluation>
          <result>
            <DQ_ConformanceResult>
              <specification>
                <title>鉾田市における3D都市モデルのための拡張製品仕様書（オープンデータ用）</title>
                <date>
                  <date>2022-09-30</date>
                  <dateType>001</dateType>
                </date>
              </specification>
              <explanation>L13、L14、L15</explanation>
              <pass>1</pass>
            </DQ_ConformanceResult>
          </result>
        </DQ_Element>
        <DQ_Element>
          <typeOfQualityEvaluation>007</typeOfQualityEvaluation>
          <result>
            <DQ_ConformanceResult>
              <specification>
                <title>鉾田市における3D都市モデルのための拡張製品仕様書（オープンデータ用）</title>
                <date>
                  <date>2022-09-30</date>
                  <dateType>001</dateType>
                </date>
              </specification>
              <explanation>P02、P04</explanation>
              <pass>1</pass>
            </DQ_ConformanceResult>
          </result>
        </DQ_Element>
        <DQ_Element>
          <typeOfQualityEvaluation>013</typeOfQualityEvaluation>
          <result>
            <DQ_ConformanceResult>
              <specification>
                <title>鉾田市における3D都市モデルのための拡張製品仕様書（オープンデータ用）</title>
                <date>
                  <date>2022-09-30</date>
                  <dateType>001</dateType>
                </date>
              </specification>
              <explanation>T03、T-bldg-01、T-bldg-02</explanation>
              <pass>1</pass>
            </DQ_ConformanceResult>
          </result>
        </DQ_Element>
        <DQ_Element>
          <typeOfQualityEvaluation>014</typeOfQualityEvaluation>
          <result>
            <DQ_ConformanceResult>
              <specification>
                <title>鉾田市における3D都市モデルのための拡張製品仕様書（オープンデータ用）</title>
                <date>
                  <date>2022-09-30</date>
                  <dateType>001</dateType>
                </date>
              </specification>
              <explanation>T01</explanation>
              <pass>1</pass>
            </DQ_ConformanceResult>
          </result>
        </DQ_Element>
        <DQ_Element>
          <typeOfQualityEvaluation>015</typeOfQualityEvaluation>
          <result>
            <DQ_ConformanceResult>
              <specification>
                <title>鉾田市における3D都市モデルのための拡張製品仕様書（オープンデータ用）</title>
                <date>
                  <date>2022-09-30</date>
                  <dateType>001</dateType>
                </date>
              </specification>
              <explanation>T02</explanation>
              <pass>1</pass>
            </DQ_ConformanceResult>
          </result>
        </DQ_Element>
      </report>
    </DQ_DataQuality>
  </dataQualityInfo>
  <distributionInfo>
    <MD_Distribution>
      <distributionFormat>
        <MD_Format>
          <name>CityGML</name>
          <version>2.0</version>
        </MD_Format>
        <MD_Format>
          <name>i-UR</name>
          <version>2.0</version>
        </MD_Format>
      </distributionFormat>
      <transferOptions>
        <MD_DigitalTransferOptions>
          <onLine>
            <linkage>www.mlit.go.jp/plateau/</linkage>
          </onLine>
        </MD_DigitalTransferOptions>
      </transferOptions>
    </MD_Distribution>
  </distributionInfo>
  <fileIdentifier>udx_08234_2020_op</fileIdentifier>
  <language>
    <isoCode>jpn</isoCode>
  </language>
  <characterSet>004</characterSet>
  <hierarchyLevel>005</hierarchyLevel>
  <contact>
    <organisationName>国土交通省都市局</organisationName>
    <contactInfo>
      <phone>
        <voice>03-5253-8397</voice>
        <facsimile>03-5253-1586</facsimile>
      </phone>
      <address>
        <deliveryPoint>霞が関2-1-3</deliveryPoint>
        <city>千代田区</city>
        <administrativeArea>東京都</administrativeArea>
        <postalCode>100-8918</postalCode>
        <country>jpn</country>
      </address>
      <onlineResource>
        <linkage>www.mlit.go.jp/plateau/</linkage>
        <description>国土交通省では、Project “PLATEAUプラトー” として、実世界（フィジカル空間）の都市を仮想的な世界（サイバー空間）に再現する3D都市モデルの整備を進めています。ウェブサイトでは、プロジェクトの進捗プロセスを継続的に発信していくと同時に、3D都市モデルをはじめとする各種データをオープンデータ化し、誰もが活用できるようになります。</description>
      </onlineResource>
    </contactInfo>
    <role>010</role>
  </contact>
  <dateStamp>2022-09-30</dateStamp>
  <metadataStandardName>JMP</metadataStandardName>
  <metadataStandardVersion>2.0</metadataStandardVersion>
</MD_Metadata>